İstanbul Liseleri 2024 Taban Puanları Yüzdelik Dilimleri LGS-MEB;,,,,
Okul Adı,Okul Türü,Dil,Taban Puanı,Yüzdelik
İstanbul / Beyoğlu / Galatasaray Üniversitesi Galatasaray Lisesi /,Hazırlık Sınıfı Bulunan Anadolu Lisesi,Fransızca,500,"0,01"
İstanbul / Fatih / İstanbul Erkek Lisesi /,Hazırlık Sınıfı Bulunan Anadolu Lisesi,Almanca,500,"0,01"
İstanbul / Beşiktaş / Kabataş Erkek Lisesi /,Hazırlık Sınıfı Bulunan Anadolu Lisesi,Almanca,"497,468","0,06"
İstanbul / Beşiktaş / Kabataş Erkek Lisesi /,Hazırlık Sınıfı Bulunan Anadolu Lisesi,İngilizce,"497,468","0,06"
İstanbul / Kadıköy / İstanbul Atatürk Fen Lisesi /,Hazırlık Sınıfı Bulunan Fen Lisesi,İngilizce,"494,202","0,16"
İstanbul / Fatih / Cağaloğlu Anadolu Lisesi /,Hazırlık Sınıfı Bulunan Anadolu Lisesi,Almanca,"491,796","0,28"
İstanbul / Fatih / Çapa Fen Lisesi /,Fen Lisesi,İngilizce,"489,005","0,37"
İstanbul / Üsküdar / Hüseyin Avni Sözen Anadolu Lisesi /,Hazırlık Sınıfı Bulunan Anadolu Lisesi,Almanca,"489,005","0,37"
İstanbul / Üsküdar / Hüseyin Avni Sözen Anadolu Lisesi /,Hazırlık Sınıfı Bulunan Anadolu Lisesi,İngilizce,"488,705","0,41"
"İstanbul / Başakşehir / Baykar Milli Teknoloji Mesleki Ve Teknik Anadolu Lisesi / BİLİŞİM
TEKNOLOJİLERİ ALANI",Anadolu Teknik Programı,İngilizce,"488,403","0,53"
İstanbul / Beşiktaş / Beşiktaş Sakıp Sabancı Anadolu Lisesi /,Hazırlık Sınıfı Bulunan Anadolu Lisesi,İngilizce,"488,403","0,53"
"İstanbul / Kartal / Kartal Anadolu İmam Hatip Lisesi / FEN VE
SOSYAL BİLİMLER PROGRAMI",Hazırlık Sınıfı Bulunan Anadolu İmam Hatip Lisesi,İngilizce,"488,403","0,53"
İstanbul / Kadıköy / Kadıköy Anadolu Lisesi /,Hazırlık Sınıfı Bulunan Anadolu Lisesi,İngilizce,"486,172","0,68"
İstanbul / Üsküdar / Haydarpaşa Lisesi /,Hazırlık Sınıfı Bulunan Anadolu Lisesi,Almanca,"483,766","0,85"
İstanbul / Başakşehir / Baykar Milli Teknoloji Mesleki Ve Teknik Anadolu Lisesi / HAVACILIK VE UZAY TEKNOLOJİSİ,Anadolu Teknik Programı,İngilizce,"483,033","0,97"
İstanbul / Fatih / Vefa Lisesi /,Hazırlık Sınıfı Bulunan Anadolu Lisesi,İngilizce,"483,033","0,97"
İstanbul / Üsküdar / Haydarpaşa Lisesi /,Hazırlık Sınıfı Bulunan Anadolu Lisesi,İngilizce,"482,906","1,02"
İstanbul / Beylikdüzü / Yaşar Acar Fen Lisesi /,Fen Lisesi,İngilizce,"481,775","1,24"
İstanbul / Pendik / Teknopark İstanbul Mesleki Ve Teknik Anadolu Lisesi / SİBER GÜVENLİK ALANI,Anadolu Teknik Programı,İngilizce,"480,896","1,32"
İstanbul / Kartal / Burak Bora Anadolu Lisesi /,Hazırlık Sınıfı Bulunan Anadolu Lisesi,İngilizce,"480,722","1,34"
İstanbul / Beşiktaş / Beşiktaş Anadolu Lisesi /,Hazırlık Sınıfı Bulunan Anadolu Lisesi,İngilizce,"480,5","1,36"
İstanbul / Kartal / Burak Bora Anadolu Lisesi /,Hazırlık Sınıfı Bulunan Anadolu Lisesi,Fransızca,"480,5","1,36"
İstanbul / Üsküdar / Validebağ Fen Lisesi /,Hazırlık Sınıfı Bulunan Fen Lisesi,İngilizce,"478,985","1,53"
"İstanbul / Kadıköy / Kadıköy Anadolu İmam Hatip Lisesi / FEN VE SOSYAL BİLİMLER
PROGRAMI",Hazırlık Sınıfı Bulunan Anadolu İmam Hatip Lisesi,İngilizce,"478,953","1,53"
İstanbul / Fatih / Pertevniyal Lisesi /,Hazırlık Sınıfı Bulunan Anadolu Lisesi,İngilizce,"478,791","1,54"
İstanbul / Büyükçekmece / Şehit Münir Alkan Fen Lisesi /,Fen Lisesi,İngilizce,"478,49","1,56"
"İstanbul / Üsküdar / İstanbul Ticaret Odası Marmara Anadolu İmam Hatip Lisesi / FEN VE SOSYAL
BİLİMLER PROGRAMI",Hazırlık Sınıfı Bulunan Anadolu İmam Hatip Lisesi,İngilizce,"477,408","1,71"
"İstanbul / Başakşehir / M.Emin
Saraç Anadolu İmam Hatip Lisesi / FEN VE SOSYAL BİLİMLER PROGRAMI",Hazırlık Sınıfı Bulunan Anadolu İmam Hatip Lisesi,İngilizce,"477,108","1,85"
İstanbul / Bahçelievler / Adnan Menderes Anadolu Lisesi /,Hazırlık Sınıfı Bulunan Anadolu Lisesi,İngilizce,"475,308","2,07"
İstanbul / Fatih / Şehremini Anadolu Lisesi /,Hazırlık Sınıfı Bulunan Anadolu Lisesi,İngilizce,"474,702","2,21"
İstanbul / Ataşehir / Ahmet Keleşoğlu Fen Lisesi /,Fen Lisesi,İngilizce,"472,654","2,47"
İstanbul / Beşiktaş / Atatürk Anadolu Lisesi /,Hazırlık Sınıfı Bulunan Anadolu Lisesi,İngilizce,"472,606","2,48"
İstanbul / Kartal / Yüksel-İlhan Alanyalı Fen Lisesi /,Fen Lisesi,İngilizce,"472,343","2,51"
İstanbul / Maltepe / Şehit İlhan Varank Fen Lisesi /,Hazırlık Sınıfı Bulunan Fen Lisesi,Almanca,"472,038","2,55"
İstanbul / Fatih / Çemberlitaş Anadolu Lisesi /,Hazırlık Sınıfı Bulunan Anadolu Lisesi,İngilizce,"471,911","2,58"
İstanbul / Küçükçekmece / Doğan Cüceloğlu Fen Lisesi /,Fen Lisesi,İngilizce,"471,737","2,67"
İstanbul / Maltepe / Şehit İlhan Varank Fen Lisesi /,Hazırlık Sınıfı Bulunan Fen Lisesi,İngilizce,"471,737","2,67"
İstanbul / Şişli / Nişantaşı Anadolu Lisesi /,Hazırlık Sınıfı Bulunan Anadolu Lisesi,İngilizce,"471,436","2,76"
"İstanbul / Başakşehir / M.Emin
Saraç Anadolu İmam Hatip Lisesi / FEN VE SOSYAL BİLİMLER PROGRAMI",Hazırlık Sınıfı Bulunan Anadolu İmam Hatip Lisesi,Arapça,"470,147","2,95"
İstanbul / Bahçelievler / Bahçelievler Anadolu Lisesi /,Hazırlık Sınıfı Bulunan Anadolu Lisesi,Almanca,"469,631",3
İstanbul / Kartal / Kartal Anadolu Lisesi /,Hazırlık Sınıfı Bulunan Anadolu Lisesi,Almanca,"469,078","3,15"
İstanbul / Bahçelievler / Bahçelievler Anadolu Lisesi /,Hazırlık Sınıfı Bulunan Anadolu Lisesi,İngilizce,"468,904","3,2"
İstanbul / Başakşehir / Hacı Şöhret Demiröz Fen Lisesi /,Fen Lisesi,İngilizce,"468,904","3,2"
İstanbul / Kadıköy / Kadıköy Ahmet Sani Gezici Kız Anadolu İmam,Hazırlık Sınıfı Bulunan Anadolu İmam Hatip Lisesi,İngilizce,"468,904","3,2"
Hatip Lisesi / FEN VE SOSYAL BİLİMLER PROGRAMI,,,,
"İstanbul / Başakşehir / M.Emin
Saraç Anadolu İmam Hatip Lisesi / FEN VE SOSYAL BİLİMLER
PROGRAMI",Hazırlık Sınıfı Bulunan Anadolu İmam Hatip Lisesi,Rusça,"468,6","3,24"
İstanbul / Pendik / Gönüllü Hizmet Vakfı Mustafa Saffet Fen Lisesi /,Fen Lisesi,İngilizce,"468,532","3,25"
İstanbul / Kartal / Köy Hizmetleri Anadolu Lisesi /,Anadolu Lisesi,İngilizce,"468,422","3,26"
İstanbul / Bağcılar / Prof. Dr. Necmettin Erbakan Fen Lisesi /,Fen Lisesi,İngilizce,"466,808","3,49"
"İstanbul / Kadıköy / Kadıköy Anadolu İmam Hatip Lisesi / FEN VE SOSYAL BİLİMLER
PROGRAMI",Hazırlık Sınıfı Bulunan Anadolu İmam Hatip Lisesi,İspanyolca,"466,497","3,55"
İstanbul / Ümraniye / Prof. Dr. Nabi Avcı Fen Lisesi /,Hazırlık Sınıfı Bulunan Fen Lisesi,İngilizce,"466,414","3,56"
"İstanbul / Güngören / Güngören İstanbul Ticaret Odası Kız Anadolu İmam Hatip Lisesi / FEN VE
SOSYAL BİLİMLER PROGRAMI",Hazırlık Sınıfı Bulunan Anadolu İmam Hatip Lisesi,İngilizce,"466,239","3,61"
İstanbul / Maltepe / Maltepe Fen Lisesi /,Hazırlık Sınıfı Bulunan Fen Lisesi,İngilizce,"466,239","3,61"
"İstanbul / Beşiktaş / İstanbul Teknik Üniversitesi Mesleki Ve Teknik Anadolu Lisesi / BİLİŞİM
TEKNOLOJİLERİ ALANI",Anadolu Teknik Programı,İngilizce,"466,113","3,64"
"İstanbul / Üsküdar / İstanbul Ticaret Odası Marmara Anadolu İmam Hatip Lisesi / FEN VE SOSYAL
BİLİMLER PROGRAMI",Hazırlık Sınıfı Bulunan Anadolu İmam Hatip Lisesi,Arapça,"466,113","3,64"
İstanbul / Kartal / Kartal Anadolu Lisesi /,Hazırlık Sınıfı Bulunan Anadolu Lisesi,İngilizce,"466,068","3,67"
İstanbul / Silivri / Prof Dr. Fuat Sezgin Fen Lisesi /,Fen Lisesi,İngilizce,"466,065","3,67"
İstanbul / Bakırköy / Hasan Polatkan Anadolu Lisesi /,Anadolu Lisesi,İngilizce,"465,463","3,83"
"İstanbul / Üsküdar / İstanbul Ticaret Odası Marmara Anadolu İmam Hatip Lisesi / FEN VE SOSYAL
BİLİMLER PROGRAMI",Hazırlık Sınıfı Bulunan Anadolu İmam Hatip Lisesi,Japonca,"464,583","3,94"
İstanbul / Zeytinburnu / Samiha Ayverdi Anadolu Lisesi /,Hazırlık Sınıfı Bulunan Anadolu Lisesi,İngilizce,"464,103","4,01"
İstanbul / Bakırköy / Yeşilköy Anadolu Lisesi /,Hazırlık Sınıfı Bulunan Anadolu Lisesi,İngilizce,"464,008","4,01"
İstanbul / Tuzla / Behiye Dr.Nevhiz Işıl Anadolu Lisesi /,Anadolu Lisesi,İngilizce,"462,242","4,34"
İstanbul / Üsküdar / Üsküdar Ahmet Keleşoğlu Anadolu Lisesi /,Anadolu Lisesi,İngilizce,"461,924","4,39"
İstanbul / Zeytinburnu / Samiha Ayverdi Anadolu Lisesi /,Hazırlık Sınıfı Bulunan Anadolu Lisesi,Almanca,"461,915","4,39"
İstanbul / Üsküdar / Üsküdar Ahmet Keleşoğlu Anadolu Lisesi /,Anadolu Lisesi,Almanca,"461,092","4,53"
"İstanbul / Beyoğlu / Beyoğlu Anadolu İmam Hatip Lisesi / FEN VE SOSYAL BİLİMLER
PROGRAMI",Hazırlık Sınıfı Bulunan Anadolu İmam Hatip Lisesi,Arapça,"460,94","4,56"
İstanbul / Şişli / Nişantaşı Nuri Akın Anadolu Lisesi /,Hazırlık Sınıfı Bulunan Anadolu Lisesi,İngilizce,"460,823","4,58"
"İstanbul / Kadıköy / Kadıköy Ahmet Sani Gezici Kız Anadolu İmam Hatip Lisesi / FEN VE SOSYAL
BİLİMLER PROGRAMI",Hazırlık Sınıfı Bulunan Anadolu İmam Hatip Lisesi,İspanyolca,"460,747","4,6"
İstanbul / Şişli / Nişantaşı Nuri Akın Anadolu Lisesi /,Hazırlık Sınıfı Bulunan Anadolu Lisesi,Almanca,"460,747","4,6"
"İstanbul / Güngören / Güngören İstanbul Ticaret Odası Kız Anadolu İmam Hatip Lisesi / FEN VE
SOSYAL BİLİMLER PROGRAMI",Anadolu İmam Hatip Lisesi,İngilizce,"460,582","4,64"
İstanbul / Beylikdüzü / Büyükşehir Hüseyin Yıldız Anadolu Lisesi /,Anadolu Lisesi,İngilizce,"460,219","4,75"
İstanbul / Arnavutköy / İstanbul Havalimanı Mesleki Ve Teknik Anadolu Lisesi / UÇAK BAKIM ALANI,Anadolu Teknik Programı,İngilizce,"458,959","4,97"
"İstanbul / Fatih / İstanbul Recep Tayyip Erdoğan Anadolu İmam
Hatip Lisesi / FEN VE SOSYAL BİLİMLER PROGRAMI",Hazırlık Sınıfı Bulunan Anadolu İmam Hatip Lisesi,İngilizce,"458,209","5,11"
İstanbul / Maltepe / Kadir Has Anadolu Lisesi /,Anadolu Lisesi,İngilizce,"457,871","5,17"
İstanbul / Kadıköy / Hayrullah Kefoğlu Anadolu Lisesi /,Hazırlık Sınıfı Bulunan Anadolu Lisesi,İngilizce,"457,814","5,18"
İstanbul / Bayrampaşa / Suat Terimer Anadolu Lisesi /,Anadolu Lisesi,İngilizce,"457,605","5,22"
İstanbul / Kadıköy / İstanbul Anadolu Lisesi /,Hazırlık Sınıfı Bulunan Anadolu Lisesi,İngilizce,"457,307","5,28"
"İstanbul / Beşiktaş / İstanbul Teknik Üniversitesi Mesleki Ve Teknik Anadolu Lisesi / ELEKTRİK- ELEKTRONİK TEKNOLOJİSİ
ALANI",Anadolu Teknik Programı,İngilizce,"457,082","5,3"
İstanbul / Beşiktaş / Arnavutköy Korkmaz Yiğit Anadolu Lisesi /,Anadolu Lisesi,İngilizce,"456,397","5,38"
"İstanbul / Kadıköy / Kadıköy Anadolu İmam Hatip Lisesi / FEN
VE SOSYAL BİLİMLER PROGRAMI",Anadolu İmam Hatip Lisesi,İngilizce,"455,109","5,63"
İstanbul / Beykoz / Beykoz Fen Lisesi /,Fen Lisesi,İngilizce,"454,944","5,66"
İstanbul / Tuzla / Mehmet Tekinalp Anadolu Lisesi /,Anadolu Lisesi,İngilizce,"454,944","5,66"
İstanbul / Üsküdar / İstanbul Üsküdar Lisesi /,Anadolu Lisesi,İngilizce,"453,867","5,87"
İstanbul / Kadıköy / Kadıköy Ahmet Sani Gezici Kız Anadolu İmam,Hazırlık Sınıfı Bulunan Anadolu İmam Hatip Lisesi,Arapça,"453,686","5,9"
Hatip Lisesi / FEN VE SOSYAL BİLİMLER PROGRAMI,,,,
İstanbul / Eyüpsultan / Eyüpsultan Anadolu Lisesi /,Anadolu Lisesi,İngilizce,"453,607","5,91"
İstanbul / Bakırköy / Florya Tevfik Ercan Anadolu Lisesi /,Anadolu Lisesi,İngilizce,"453,49","5,93"
İstanbul / Kadıköy / Göztepe İhsan Kurşunoğlu Anadolu Lisesi /,Hazırlık Sınıfı Bulunan Anadolu Lisesi,Almanca,"452,879","6,02"
"İstanbul / Küçükçekmece /
Fahreddin Kerim Gökay Anadolu Lisesi /",Anadolu Lisesi,İngilizce,"452,848","6,02"
İstanbul / Zeytinburnu / Adile Mermerci Anadolu Lisesi /,Hazırlık Sınıfı Bulunan Anadolu Lisesi,İngilizce,"451,936","6,21"
İstanbul / Pendik / Pendik Fatih Anadolu Lisesi /,Anadolu Lisesi,İngilizce,"451,47","6,28"
"İstanbul / Sancaktepe / Sancaktepe Teknoloji Anadolu İmam Hatip Lisesi / FEN VE TEKNOLOJİ
PROGRAMI",Hazırlık Sınıfı Bulunan Anadolu İmam Hatip Lisesi,İngilizce,"450,707","6,37"
İstanbul / Bakırköy / Ataköy Cumhuriyet Anadolu Lisesi /,Anadolu Lisesi,İngilizce,"450,232","6,38"
İstanbul / Çatalca / Çatalca Fen Lisesi /,Fen Lisesi,İngilizce,"449,974","6,4"
"İstanbul / Başakşehir / Şehit Haki Aras Kız Anadolu İmam Hatip Lisesi / FEN VE SOSYAL
BİLİMLER PROGRAMI",Hazırlık Sınıfı Bulunan Anadolu İmam Hatip Lisesi,İngilizce,"449,751","6,56"
İstanbul / Üsküdar / Hacı Sabancı Anadolu Lisesi /,Anadolu Lisesi,İngilizce,"449,18","6,68"
İstanbul / Büyükçekmece / Büyükçekmece Atatürk Anadolu Lisesi /,Anadolu Lisesi,İngilizce,"448,512","6,8"
İstanbul / Beyoğlu / İstanbul Atatürk Anadolu Lisesi /,Anadolu Lisesi,İngilizce,"447,925","6,86"
İstanbul / Başakşehir / Akif İnan Anadolu İmam Hatip Lisesi / FEN VE SOSYAL BİLİMLER PROGRAMI,Hazırlık Sınıfı Bulunan Anadolu İmam Hatip Lisesi,İngilizce,"447,51","6,86"
"İstanbul / Fatih / Uluslararası Fatih Sultan Mehmet Anadolu İmam Hatip
Lisesi / FEN VE SOSYAL BİLİMLER PROGRAMI",Hazırlık Sınıfı Bulunan Anadolu İmam Hatip Lisesi,İngilizce,"446,137","7,21"
"İstanbul / Şişli / Şişli Anadolu Lisesi
/",Hazırlık Sınıfı Bulunan Anadolu Lisesi,İngilizce,"444,729","7,46"
İstanbul / Fatih / İstanbul Recep Tayyip Erdoğan Anadolu İmam Hatip Lisesi / FEN VE SOSYAL BİLİMLER PROGRAMI,Hazırlık Sınıfı Bulunan Anadolu İmam Hatip Lisesi,Arapça,"444,145","7,55"
İstanbul / Ümraniye / Nevzat Ayaz Anadolu Lisesi /,Anadolu Lisesi,İngilizce,"444,001","7,56"
İstanbul / Küçükçekmece / Gazi Anadolu Lisesi /,Anadolu Lisesi,İngilizce,"443,595","7,59"
İstanbul / Pendik / Kırımlı Fazilet Olcay Anadolu Lisesi /,Anadolu Lisesi,İngilizce,"443,507","7,6"
İstanbul / Bahçelievler / Dede Korkut Anadolu Lisesi /,Anadolu Lisesi,İngilizce,"443,367","7,61"
"İstanbul / Gaziosmanpaşa /
Gaziosmanpaşa Anadolu Lisesi /",Anadolu Lisesi,İngilizce,"442,913","7,65"
İstanbul / Ataşehir / Habire Yahşi Anadolu Lisesi /,Anadolu Lisesi,İngilizce,"442,903","7,65"
"İstanbul / Fatih / Uluslararası Fatih Sultan Mehmet Anadolu İmam Hatip
Lisesi / FEN VE SOSYAL BİLİMLER PROGRAMI",Anadolu İmam Hatip Lisesi,İngilizce,"440,323","8,25"
İstanbul / Çekmeköy / Özden Cengiz Anadolu Lisesi /,Anadolu Lisesi,İngilizce,"439,854","8,33"
"İstanbul / Bağcılar / Demirören Medya Ve Teknoloji Mesleki Ve Teknik Anadolu Lisesi / RADYO-
TELEVİZYON ALANI (SINAVLI)",Anadolu Teknik Programı,İngilizce,"439,172","8,45"
İstanbul / Pendik / Gülizar Zeki Obdan Anadolu Lisesi /,Anadolu Lisesi,İngilizce,"439,079","8,47"
İstanbul / Avcılar / Süleyman Nazif Anadolu Lisesi /,Anadolu Lisesi,İngilizce,"438,402","8,59"
İstanbul / Bakırköy / Yahya Kemal Beyatlı Anadolu Lisesi /,Anadolu Lisesi,İngilizce,"437,928","8,67"
"İstanbul / Gaziosmanpaşa /
Gaziosmanpaşa Anadolu Lisesi /",Anadolu Lisesi,Almanca,"437,531","8,75"
İstanbul / Kağıthane / Kağıthane Anadolu Lisesi /,Hazırlık Sınıfı Bulunan Anadolu Lisesi,Almanca,"437,015","8,83"
İstanbul / Şile / Dr.Vasıf Topçu Fen Lisesi /,Fen Lisesi,İngilizce,"436,679","8,89"
İstanbul / Kağıthane / Kağıthane Anadolu Lisesi /,Hazırlık Sınıfı Bulunan Anadolu Lisesi,İngilizce,"436,587","8,91"
"İstanbul / Zeytinburnu / Borsa İstanbul Zeytinburnu Anadolu Lisesi
/",Anadolu Lisesi,İngilizce,"436,188","8,98"
"İstanbul / Bahçelievler / 15 Temmuz Şehitleri Anadolu İmam Hatip Lisesi
/ FEN VE TEKNOLOJİ PROGRAMI",Hazırlık Sınıfı Bulunan Anadolu İmam Hatip Lisesi,İngilizce,"435,952","9,02"
"İstanbul / Şişli / Yıldız Teknik Üniversitesi Maçka Mesleki Ve Teknik Anadolu Lisesi / BİLİŞİM
TEKNOLOJİLERİ ALANI",Anadolu Teknik Programı,İngilizce,"435,77","9,05"
"İstanbul / Esenyurt / Esenyurt Nakipoğlu Cumhuriyet Anadolu
Lisesi /",Anadolu Lisesi,İngilizce,"435,746","9,06"
"İstanbul / Pendik / Şehit Adil Büyükcengiz Anadolu İmam Hatip
Lisesi / FEN VE SOSYAL BİLİMLER PROGRAMI",Anadolu İmam Hatip Lisesi,İngilizce,"435,396","9,12"
"İstanbul / Üsküdar / Tenzile Erdoğan Kız Anadolu İmam Hatip Lisesi / FEN VE SOSYAL BİLİMLER
PROGRAMI",Hazırlık Sınıfı Bulunan Anadolu İmam Hatip Lisesi,İngilizce,"435,395","9,12"
İstanbul / Bahçelievler / Prof. Dr. Mümtaz Turhan Sosyal Bilimler Lisesi /,Sosyal Bilimler Lisesi,İngilizce,"434,949","9,21"
"İstanbul / Pendik / Ömer Çam Anadolu İmam Hatip Lisesi / FEN VE SOSYAL BİLİMLER
PROGRAMI",Hazırlık Sınıfı Bulunan Anadolu İmam Hatip Lisesi,İngilizce,"433,513","9,44"
İstanbul / Beyoğlu / Beyoğlu Anadolu Lisesi /,Hazırlık Sınıfı Bulunan Anadolu Lisesi,İngilizce,"432,572","9,62"
İstanbul / Gaziosmanpaşa / Mevlana Anadolu Lisesi /,Anadolu Lisesi,İngilizce,"432,462","9,64"
İstanbul / Beykoz / Paşabahçe Ahmet Ferit İnal Anadolu Lisesi /,Hazırlık Sınıfı Bulunan Anadolu Lisesi,Almanca,"432,214","9,68"
"İstanbul / Pendik / Pendik İto Şehit Ahmet Aslanhan Anadolu İmam
Hatip Lisesi / FEN VE SOSYAL BİLİMLER PROGRAMI",Hazırlık Sınıfı Bulunan Anadolu İmam Hatip Lisesi,İngilizce,"432,135","9,7"
İstanbul / Ataşehir / Teb Ataşehir Anadolu Lisesi /,Anadolu Lisesi,İngilizce,"431,411","9,82"
"İstanbul / Sultanbeyli / Şehit Muhammed Fazlı Demir Anadolu İmam Hatip Lisesi / FEN VE
SOSYAL BİLİMLER PROGRAMI",Anadolu İmam Hatip Lisesi,İngilizce,"431,315","9,84"
İstanbul / Küçükçekmece / Prof. Dr. Sabahattin Zaim Anadolu Lisesi /,Anadolu Lisesi,İngilizce,"431,139","9,87"
İstanbul / Sancaktepe / Sancaktepe Arif Nihat Asya Anadolu Lisesi /,Anadolu Lisesi,İngilizce,"431,013","9,89"
İstanbul / Güngören / Ergün Öner – Mehmet Öner Anadolu Lisesi /,Anadolu Lisesi,İngilizce,"430,153","10,04"
"İstanbul / Bahçelievler / Uluslararası Şehit Mehmet Karaaslan Kız Anadolu İmam Hatip Lisesi / FEN VE SOSYAL BİLİMLER
PROGRAMI",Hazırlık Sınıfı Bulunan Anadolu İmam Hatip Lisesi,İngilizce,"427,666","10,45"
"İstanbul / Başakşehir / Şehit Haki Aras Kız Anadolu İmam Hatip Lisesi / FEN VE SOSYAL
BİLİMLER PROGRAMI",Anadolu İmam Hatip Lisesi,İngilizce,"427,594","10,46"
İstanbul / Bayrampaşa / Hüseyin Bürge Anadolu Lisesi /,Anadolu Lisesi,İngilizce,"427,575","10,46"
İstanbul / Küçükçekmece / Hacı Bektaş Veli Anadolu Lisesi /,Anadolu Lisesi,İngilizce,"427,093","10,55"
"İstanbul / Pendik / Uluslararası Pendik Kız Anadolu İmam Hatip Lisesi / FEN VE SOSYAL
BİLİMLER PROGRAMI",Hazırlık Sınıfı Bulunan Anadolu İmam Hatip Lisesi,İngilizce,"426,807","10,6"
İstanbul / Silivri / Hasan-Sabriye Gümüş Anadolu Lisesi /,Anadolu Lisesi,İngilizce,"425,945","10,75"
İstanbul / Sarıyer / Özdemir Sabancı Emirgan Anadolu Lisesi /,Anadolu Lisesi,İngilizce,"424,655","10,98"
"İstanbul / Beylikdüzü / Vali
Muammer Güler Sosyal Bilimler Lisesi /",Sosyal Bilimler Lisesi,İngilizce,"424,274","11,05"
İstanbul / Başakşehir / Öğrenciden Armağan Anadolu Lisesi /,Anadolu Lisesi,İngilizce,"423,19","11,23"
İstanbul / Sultanbeyli / Aziz Sancar Anadolu Lisesi /,Anadolu Lisesi,İngilizce,"422,995","11,27"
"İstanbul / Bağcılar / Demirören Medya Ve Teknoloji Mesleki Ve Teknik Anadolu Lisesi /
GAZETECİLİK ALANI (SINAVLI)",Anadolu Teknik Programı,İngilizce,"422,76","11,31"
"İstanbul / Şile / Şile Ayet Azer Aran Savunma Sanayi Mesleki Ve Teknik Anadolu Lisesi / ENDÜSTRİYEL OTOMASYON TEKNOLOJİLERİ
ALANI",Anadolu Teknik Programı,İngilizce,"422,48","11,36"
İstanbul / Bağcılar / Mehmet Niyazi Altuğ Anadolu Lisesi /,Anadolu Lisesi,İngilizce,"422,265","11,39"
"İstanbul / Başakşehir / Akif İnan Anadolu İmam Hatip Lisesi / FEN VE SOSYAL BİLİMLER
PROGRAMI",Anadolu İmam Hatip Lisesi,İngilizce,"422,173","11,41"
"İstanbul / Şişli / Yıldız Teknik Üniversitesi Maçka Mesleki Ve Teknik Anadolu Lisesi / ELEKTRİK-ELEKTRONİK
TEKNOLOJİSİ ALANI",Anadolu Teknik Programı,İngilizce,"422,172","11,41"
"İstanbul / Beşiktaş / Beşiktaş Kız Anadolu İmam Hatip Lisesi / FEN VE SOSYAL BİLİMLER
PROGRAMI",Hazırlık Sınıfı Bulunan Anadolu İmam Hatip Lisesi,İngilizce,"420,01","11,77"
"İstanbul / Beşiktaş / Beşiktaş Kız Anadolu İmam Hatip Lisesi / FEN
VE SOSYAL BİLİMLER PROGRAMI",Hazırlık Sınıfı Bulunan Anadolu İmam Hatip Lisesi,Almanca,"418,187","12,1"
"İstanbul / Bayrampaşa / Bayrampaşa Aliya İzzetbegoviç Kız Anadolu
İmam Hatip Lisesi / FEN VE SOSYAL BİLİMLER PROGRAMI",Hazırlık Sınıfı Bulunan Anadolu İmam Hatip Lisesi,İngilizce,"417,808","12,17"
İstanbul / Beykoz / Paşabahçe Ahmet Ferit İnal Anadolu Lisesi /,Hazırlık Sınıfı Bulunan Anadolu Lisesi,İngilizce,"417,538","12,22"
"İstanbul / Üsküdar / Çamlıca Kız Anadolu İmam Hatip Lisesi / FEN VE SOSYAL BİLİMLER
PROGRAMI",Hazırlık Sınıfı Bulunan Anadolu İmam Hatip Lisesi,İngilizce,"417,371","12,25"
"İstanbul / Bahçelievler / 15 Temmuz Şehitleri Anadolu İmam Hatip Lisesi
/ FEN VE SOSYAL BİLİMLER PROGRAMI",Anadolu İmam Hatip Lisesi,İngilizce,"417,236","12,27"
İstanbul / Sultangazi / Cumhuriyet Anadolu Lisesi /,Anadolu Lisesi,İngilizce,"416,912","12,32"
İstanbul / Bağcılar / Dr. Kemal Naci Ekşi Anadolu Lisesi /,Anadolu Lisesi,İngilizce,"416,881","12,33"
"İstanbul / Üsküdar / Hakkı Demir Anadolu İmam Hatip Lisesi / FEN VE SOSYAL BİLİMLER
PROGRAMI",Anadolu İmam Hatip Lisesi,İngilizce,"415,32","12,6"
İstanbul / Üsküdar / Çamlıca Kız Lisesi /,Anadolu Lisesi,İngilizce,"414,72","12,71"
İstanbul / Pendik / Gönüllü Hizmet Vakfı İnal Aydınoğlu Sosyal Bilimler Lisesi /,Sosyal Bilimler Lisesi,İngilizce,"414,485","12,74"
"İstanbul / Pendik / Ömer Çam Anadolu İmam Hatip Lisesi / FEN VE SOSYAL BİLİMLER
PROGRAMI",Hazırlık Sınıfı Bulunan Anadolu İmam Hatip Lisesi,Arapça,"413,828","12,85"
"İstanbul / Pendik / Pendik İto Şehit Ahmet Aslanhan Anadolu İmam
Hatip Lisesi / FEN VE SOSYAL BİLİMLER PROGRAMI",Anadolu İmam Hatip Lisesi,İngilizce,"413,712","12,88"
"İstanbul / Şişli / Yıldız Teknik Üniversitesi Maçka Mesleki Ve Teknik Anadolu Lisesi / BİLİŞİM TEKNOLOJİLERİ ALANI
(SINAVLI)",Anadolu Meslek Programı,İngilizce,"413,522","12,97"
İstanbul / Esenyurt / Borusan Asım Kocabıyık Mesleki Ve Teknik Anadolu Lisesi / BİLİŞİM TEKNOLOJİLERİ ALANI,Anadolu Teknik Programı,İngilizce,"413,256",13
İstanbul / Çatalca / Çatalca Anadolu Lisesi /,Anadolu Lisesi,İngilizce,"412,967","13,03"
"İstanbul / Fatih / İstanbul Recep Tayyip Erdoğan Anadolu İmam
Hatip Lisesi / HAFIZLIK PROJESİ (Fen ve Sosyal Bilimler Programı)",Anadolu İmam Hatip Lisesi,İngilizce,"412,852","13,04"
İstanbul / Esenler / İbrahim Turhan Anadolu Lisesi /,Anadolu Lisesi,İngilizce,"412,163","13,14"
"İstanbul / Şile / Şile Ayet Azer Aran Savunma Sanayi Mesleki Ve Teknik
Anadolu Lisesi / MAKİNE VE TASARIM TEKNOLOJİSİ ALANI",Anadolu Teknik Programı,İngilizce,"411,467","13,26"
İstanbul / Sarıyer / Behçet Kemal Çağlar Anadolu Lisesi /,Anadolu Lisesi,İngilizce,"410,99","13,34"
İstanbul / Arnavutköy / Şehit Selçuk Gürdal Anadolu Lisesi /,Anadolu Lisesi,İngilizce,"410,171","13,49"
İstanbul / Maltepe / Handan Hayrettin Yelkikanat Mesleki Ve Teknik Anadolu Lisesi / BİLİŞİM TEKNOLOJİLERİ ALANI,Anadolu Teknik Programı,İngilizce,"409,97","13,52"
"İstanbul / Bahçelievler / Uluslararası Şehit Mehmet Karaaslan Kız Anadolu İmam Hatip Lisesi / FEN VE SOSYAL BİLİMLER
PROGRAMI",Anadolu İmam Hatip Lisesi,İngilizce,"408,973","13,7"
"İstanbul / Pendik / Uluslararası Pendik Kız Anadolu İmam Hatip Lisesi / FEN VE SOSYAL
BİLİMLER PROGRAMI",Anadolu İmam Hatip Lisesi,İngilizce,"408,267","13,83"
İstanbul / Esenler / Şehit Türkmen Tekin Kız Anadolu İmam Hatip,Hazırlık Sınıfı Bulunan Anadolu İmam Hatip Lisesi,İngilizce,"407,837","13,9"
Lisesi / FEN VE SOSYAL BİLİMLER PROGRAMI,,,,
"İstanbul / Esenyurt / Güzelyurt Kız Anadolu İmam Hatip Lisesi / FEN VE SOSYAL BİLİMLER
PROGRAMI",Hazırlık Sınıfı Bulunan Anadolu İmam Hatip Lisesi,İngilizce,"407,433","13,98"
"İstanbul / Maltepe / Şehit Mustafa Kaymakçı Anadolu İmam Hatip Lisesi / FEN VE SOSYAL
BİLİMLER PROGRAMI",Hazırlık Sınıfı Bulunan Anadolu İmam Hatip Lisesi,İngilizce,"407,163","14,03"
"İstanbul / Ataşehir / Şehit Akın Sertçelik Anadolu İmam Hatip Lisesi / FEN VE SOSYAL
BİLİMLER PROGRAMI",Hazırlık Sınıfı Bulunan Anadolu İmam Hatip Lisesi,İngilizce,"405,327","14,36"
İstanbul / Üsküdar / Kandilli Kız Lisesi /,Anadolu Lisesi,İngilizce,"404,607","14,49"
"İstanbul / Üsküdar / Tenzile Erdoğan Kız Anadolu İmam Hatip Lisesi / FEN VE SOSYAL BİLİMLER
PROGRAMI",Anadolu İmam Hatip Lisesi,İngilizce,"404,188","14,56"
"İstanbul / Sancaktepe / Rabia Kız Anadolu İmam Hatip Lisesi / FEN
VE SOSYAL BİLİMLER PROGRAMI",Anadolu İmam Hatip Lisesi,İngilizce,"403,338","14,71"
İstanbul / Kadıköy / Erenköy Kız Lisesi /,Anadolu Lisesi,İngilizce,"403,088","14,75"
"İstanbul / Bayrampaşa / Bayrampaşa Aliya İzzetbegoviç Kız Anadolu
İmam Hatip Lisesi / FEN VE SOSYAL BİLİMLER PROGRAMI",Anadolu İmam Hatip Lisesi,İngilizce,"401,041","15,12"
"İstanbul / Esenyurt / Borusan Asım Kocabıyık Mesleki Ve Teknik Anadolu Lisesi / BİLİŞİM
TEKNOLOJİLERİ ALANI (SINAVLI)",Anadolu Meslek Programı,İngilizce,"399,684","15,37"
"İstanbul / Bahçelievler / 15 Temmuz Şehitleri Anadolu İmam Hatip Lisesi
/ FEN VE SOSYAL BİLİMLER PROGRAMI",Hazırlık Sınıfı Bulunan Anadolu İmam Hatip Lisesi,Arapça,"398,248","15,64"
İstanbul / Üsküdar / Haydarpaşa Mesleki Ve Teknik Anadolu Lisesi / BİLİŞİM TEKNOLOJİLERİ ALANI,Anadolu Teknik Programı,İngilizce,"398,16","15,65"
"İstanbul / Sarıyer / Mehmet Rıfat Evyap Mesleki Ve Teknik Anadolu Lisesi / BİLİŞİM TEKNOLOJİLERİ
ALANI",Anadolu Teknik Programı,İngilizce,"397,249","15,82"
"İstanbul / Esenyurt / Borusan Asım Kocabıyık Mesleki Ve Teknik Anadolu Lisesi / ELEKTRİK-
ELEKTRONİK TEKNOLOJİSİ ALANI",Anadolu Teknik Programı,İngilizce,"397,187","15,83"
İstanbul / Üsküdar / Tenzile Erdoğan Kız Anadolu İmam Hatip Lisesi /,Hazırlık Sınıfı Bulunan Anadolu İmam Hatip Lisesi,Arapça,"397,03","15,86"
FEN VE SOSYAL BİLİMLER PROGRAMI,,,,
"İstanbul / Küçükçekmece / Şehit Mehmet Güder Anadolu İmam Hatip
Lisesi / FEN VE SOSYAL BİLİMLER PROGRAMI",Hazırlık Sınıfı Bulunan Anadolu İmam Hatip Lisesi,İngilizce,"396,778","15,91"
"İstanbul / Şişli / Yıldız Teknik Üniversitesi Maçka Mesleki Ve Teknik Anadolu Lisesi / ELEKTRİK-ELEKTRONİK
TEKNOLOJİSİ ALANI (SINAVLI)",Anadolu Meslek Programı,İngilizce,"396,434","15,97"
"İstanbul / Avcılar / Şehit Murat Kocatürk Anadolu İmam Hatip Lisesi / FEN VE SOSYAL
BİLİMLER PROGRAMI",Anadolu İmam Hatip Lisesi,İngilizce,"395,647","16,11"
"İstanbul / Bayrampaşa / İstanbul Ticaret Odası Mesleki Ve Teknik
Anadolu Lisesi / BİLİŞİM TEKNOLOJİLERİ ALANI",Anadolu Teknik Programı,İngilizce,"395,257","16,18"
"İstanbul / Bayrampaşa / Uluslararası Kaptan Ahmet Erdoğan Anadolu
İmam Hatip Lisesi / FEN VE SOSYAL BİLİMLER PROGRAMI",Anadolu İmam Hatip Lisesi,İngilizce,"395,057","16,22"
"İstanbul / Zeytinburnu / İstanbul Kız Anadolu İmam Hatip Lisesi / FEN VE SOSYAL BİLİMLER
PROGRAMI",Anadolu İmam Hatip Lisesi,İngilizce,"395,022","16,23"
"İstanbul / Ümraniye / Ümraniye
Şehit Erol Olçok Kız Anadolu İmam Hatip Lisesi / FEN VE SOSYAL
BİLİMLER PROGRAMI",Anadolu İmam Hatip Lisesi,İngilizce,"394,78","16,27"
"İstanbul / Kartal / Kartal Mehmet Akif Ersoy Anadolu İmam Hatip Lisesi / FEN VE SOSYAL
BİLİMLER PROGRAMI",Anadolu İmam Hatip Lisesi,İngilizce,"393,64","16,48"
İstanbul / Sarıyer / Ali Akkanat Anadolu Lisesi /,Anadolu Lisesi,İngilizce,"393,546","16,5"
"İstanbul / Esenler / Şehit Türkmen Tekin Kız Anadolu İmam Hatip Lisesi / FEN VE SOSYAL
BİLİMLER PROGRAMI",Anadolu İmam Hatip Lisesi,İngilizce,"392,778","16,64"
"İstanbul / Avcılar / Şehit Murat Kocatürk Anadolu İmam Hatip Lisesi / FEN VE SOSYAL
BİLİMLER PROGRAMI",Hazırlık Sınıfı Bulunan Anadolu İmam Hatip Lisesi,İngilizce,"391,322","16,91"
"İstanbul / Zeytinburnu / Büyükyalı Mesleki Ve Teknik Anadolu Lisesi /
BİLİŞİM TEKNOLOJİLERİ ALANI",Anadolu Teknik Programı,İngilizce,"388,846","17,38"
"İstanbul / Pendik / Pendik Türk Telekom Şehit Murat Mertel
Mesleki Ve Teknik Anadolu Lisesi / BİLİŞİM TEKNOLOJİLERİ
ALANI",Anadolu Teknik Programı,İngilizce,"387,996","17,55"
"İstanbul / Kağıthane / Hasbahçe Kız Anadolu İmam Hatip Lisesi / FEN VE SOSYAL BİLİMLER
PROGRAMI",Hazırlık Sınıfı Bulunan Anadolu İmam Hatip Lisesi,İngilizce,"387,749","17,6"
"İstanbul / Maltepe / Maltepe Kız Anadolu İmam Hatip Lisesi / FEN
VE SOSYAL BİLİMLER PROGRAMI",Hazırlık Sınıfı Bulunan Anadolu İmam Hatip Lisesi,İngilizce,"385,527","18,04"
İstanbul / Sultanbeyli / Nilüfer Hatun Kız Anadolu İmam Hatip Lisesi / FEN VE SOSYAL BİLİMLER PROGRAMI,Anadolu İmam Hatip Lisesi,İngilizce,"385,519","18,04"
"İstanbul / Bakırköy / Bakırköy Anadolu İmam Hatip Lisesi / FEN VE SOSYAL BİLİMLER
PROGRAMI",Hazırlık Sınıfı Bulunan Anadolu İmam Hatip Lisesi,Fransızca,"384,896","18,16"
İstanbul / Bağcılar / Bağcılar Mesleki Ve Teknik Anadolu Lisesi / UÇAK BAKIM ALANI,Anadolu Teknik Programı,İngilizce,"380,349","19,07"
"İstanbul / Maltepe / Handan Hayrettin Yelkikanat Mesleki Ve Teknik Anadolu Lisesi / ELEKTRİK-ELEKTRONİK
TEKNOLOJİSİ ALANI",Anadolu Teknik Programı,İngilizce,"380,144","19,11"
"İstanbul / Ataşehir / Şehit Akın Sertçelik Anadolu İmam Hatip Lisesi / FEN VE SOSYAL
BİLİMLER PROGRAMI",Anadolu İmam Hatip Lisesi,İngilizce,"377,974","19,55"
"İstanbul / Beyoğlu / Beyoğlu Anadolu İmam Hatip Lisesi / HAFIZLIK PROJESİ (İlahiyat
Odaklı Program)",Hazırlık Sınıfı Bulunan Anadolu İmam Hatip Lisesi,Arapça,"377,934","19,56"
"İstanbul / Gaziosmanpaşa / Şehit Servet Asmaz Anadolu İmam Hatip
Lisesi / FEN VE SOSYAL BİLİMLER PROGRAMI",Hazırlık Sınıfı Bulunan Anadolu İmam Hatip Lisesi,İngilizce,"377,678","19,61"
İstanbul / Eyüpsultan / Eyüpsultan Kız Anadolu İmam Hatip Lisesi / FEN VE SOSYAL BİLİMLER PROGRAMI,Hazırlık Sınıfı Bulunan Anadolu İmam Hatip Lisesi,İngilizce,"377,265","19,7"
"İstanbul / Esenyurt / Güzelyurt Kız Anadolu İmam Hatip Lisesi / FEN VE SOSYAL BİLİMLER
PROGRAMI",Anadolu İmam Hatip Lisesi,İngilizce,"377,191","19,71"
"İstanbul / Maltepe / Şehit Mustafa Kaymakçı Anadolu İmam Hatip Lisesi / FEN VE SOSYAL
BİLİMLER PROGRAMI",Anadolu İmam Hatip Lisesi,İngilizce,"377,177","19,71"
"İstanbul / Bayrampaşa / Şehit Halil İbrahim Yıldırım Anadolu İmam Hatip Lisesi / FEN VE SOSYAL
BİLİMLER PROGRAMI",Anadolu İmam Hatip Lisesi,İngilizce,"376,698","19,81"
İstanbul / Tuzla / Tuzla Mahir İz Anadolu İmam Hatip Lisesi / FEN,Anadolu İmam Hatip Lisesi,İngilizce,"376,249","19,9"
VE SOSYAL BİLİMLER PROGRAMI,,,,
"İstanbul / Bahçelievler / İmmib Erkan Avcı Mesleki Ve Teknik Anadolu Lisesi / BİLİŞİM
TEKNOLOJİLERİ ALANI",Anadolu Teknik Programı,İngilizce,"375,455","20,06"
"İstanbul / Üsküdar / Üsküdar Zeynep Kamil Mesleki Ve Teknik Anadolu Lisesi / SAĞLIK HİZMETLERİ
ALANI",Anadolu Teknik Programı,İngilizce,"372,916","20,59"
İstanbul / Ümraniye / Şehit Erol İnce Kız Anadolu İmam Hatip Lisesi / FEN VE SOSYAL BİLİMLER PROGRAMI,Anadolu İmam Hatip Lisesi,İngilizce,"372,796","20,61"
"İstanbul / Küçükçekmece / Şehit Mehmet Güder Anadolu İmam Hatip
Lisesi / FEN VE SOSYAL BİLİMLER PROGRAMI",Hazırlık Sınıfı Bulunan Anadolu İmam Hatip Lisesi,Çince,"372,412","20,69"
İstanbul / Esenyurt / Borusan Asım Kocabıyık Mesleki Ve Teknik Anadolu Lisesi / ELEKTRİK- ELEKTRONİK TEKNOLOJİSİ ALANI (SINAVLI),Anadolu Meslek Programı,İngilizce,"372,124","20,75"
"İstanbul / Avcılar / Haydar Akın Mesleki Ve Teknik Anadolu Lisesi / BİLİŞİM TEKNOLOJİLERİ
ALANI",Anadolu Teknik Programı,İngilizce,"371,211","20,94"
"İstanbul / Başakşehir / Toki Aliya İzzetbegoviç Anadolu İmam Hatip Lisesi / FEN VE SOSYAL
BİLİMLER PROGRAMI",Anadolu İmam Hatip Lisesi,İngilizce,"369,044","21,4"
"İstanbul / Çekmeköy / Şehit Ömer Halisdemir Kız Anadolu İmam Hatip
Lisesi / FEN VE SOSYAL BİLİMLER PROGRAMI",Anadolu İmam Hatip Lisesi,İngilizce,"368,939","21,43"
"İstanbul / Bayrampaşa / İstanbul Ticaret Odası Mesleki Ve Teknik Anadolu Lisesi / ELEKTRİK-
ELEKTRONİK TEKNOLOJİSİ ALANI",Anadolu Teknik Programı,İngilizce,"367,891","21,65"
"İstanbul / Zeytinburnu / Büyükyalı Mesleki Ve Teknik Anadolu Lisesi / MAKİNE VE TASARIM
TEKNOLOJİSİ ALANI",Anadolu Teknik Programı,İngilizce,"367,115","21,82"
İstanbul / Sultanbeyli / Sultanbeyli Sabiha Gökçen Mesleki Ve Teknik Anadolu Lisesi / UÇAK BAKIM ALANI,Anadolu Teknik Programı,İngilizce,"365,546","22,16"
"İstanbul / Ataşehir / Enerjisa İstanbul Meslekî Ve Teknik Anadolu Lisesi / YENİLENEBİLİR ENERJİ
TEKNOLOJİLERİ ALANI",Anadolu Teknik Programı,İngilizce,"365,151","22,25"
"İstanbul / Şişli / Hamidiye Etfal
Mesleki Ve Teknik Anadolu Lisesi / SAĞLIK HİZMETLERİ ALANI",Anadolu Teknik Programı,İngilizce,"364,015","22,5"
"İstanbul / Tuzla / Tuzla Halil Türkkan Kız Anadolu İmam Hatip Lisesi / FEN VE SOSYAL
BİLİMLER PROGRAMI",Anadolu İmam Hatip Lisesi,İngilizce,"363,795","22,55"
"İstanbul / Sultanbeyli / Fuat Sezgin Anadolu İmam Hatip Lisesi / FEN
VE SOSYAL BİLİMLER PROGRAMI",Anadolu İmam Hatip Lisesi,İngilizce,"363,326","22,65"
"İstanbul / Gaziosmanpaşa / Şehit Servet Asmaz Anadolu İmam Hatip
Lisesi / FEN VE SOSYAL BİLİMLER PROGRAMI",Anadolu İmam Hatip Lisesi,İngilizce,"362,495","22,83"
İstanbul / Zeytinburnu / Zeytinburnu Kız Anadolu İmam Hatip Lisesi / FEN VE SOSYAL BİLİMLER PROGRAMI,Hazırlık Sınıfı Bulunan Anadolu İmam Hatip Lisesi,İngilizce,"361,954","22,95"
İstanbul / Bakırköy / Bakırköy Anadolu İmam Hatip Lisesi / FEN VE SOSYAL BİLİMLER PROGRAMI,Anadolu İmam Hatip Lisesi,İngilizce,"361,648","23,02"
"İstanbul / Arnavutköy / Şehit Onbaşı Murat Şengöz Anadolu İmam Hatip Lisesi / FEN VE SOSYAL
BİLİMLER PROGRAMI",Anadolu İmam Hatip Lisesi,İngilizce,"361,247","23,1"
"İstanbul / Sancaktepe / Sancaktepe Aziz Bayraktar Anadolu İmam Hatip Lisesi / FEN VE SOSYAL
BİLİMLER PROGRAMI",Anadolu İmam Hatip Lisesi,İngilizce,"361,203","23,11"
İstanbul / Pendik / Nuri Demirağ Mesleki Ve Teknik Anadolu Lisesi / UÇAK BAKIM ALANI,Anadolu Teknik Programı,İngilizce,"360,3","23,32"
"İstanbul / Ataşehir / Ataşehir D.
Sabancı Mesleki Ve Teknik Anadolu
Lisesi / BİLİŞİM TEKNOLOJİLERİ ALANI (SINAVLI)",Anadolu Teknik Programı,İngilizce,"360,089","23,36"
İstanbul / Sancaktepe / Şehit Yüzbaşı Yusuf Kenan Mesleki Ve Teknik Anadolu Lisesi / BİLİŞİM TEKNOLOJİLERİ ALANI,Anadolu Teknik Programı,İngilizce,"359,199","23,56"
"İstanbul / Kağıthane / Hasbahçe Kız Anadolu İmam Hatip Lisesi / FEN VE SOSYAL BİLİMLER
PROGRAMI",Anadolu İmam Hatip Lisesi,İngilizce,"358,815","23,64"
"İstanbul / Esenyurt / Borusan Asım Kocabıyık Mesleki Ve Teknik Anadolu Lisesi / MOTORLU
ARAÇLAR TEKNOLOJİSİ ALANI (SINAVLI)",Anadolu Meslek Programı,İngilizce,"358,303","23,76"
"İstanbul / Arnavutköy / İbrahim Özaydın Mesleki Ve Teknik Anadolu Lisesi / BİLİŞİM
TEKNOLOJİLERİ ALANI",Anadolu Teknik Programı,İngilizce,"357,887","23,85"
İstanbul / Maltepe / Maltepe Orhangazi Anadolu İmam Hatip,Hazırlık Sınıfı Bulunan Anadolu İmam Hatip Lisesi,İngilizce,"356,798","24,1"
Lisesi / FEN VE SOSYAL BİLİMLER PROGRAMI,,,,
İstanbul / Şile / Şile Oya-Ali Osman Keçici Sosyal Bilimler Lisesi /,Sosyal Bilimler Lisesi,İngilizce,"356,652","24,14"
İstanbul / Arnavutköy / İto İbrahim Çağlar Anadolu İmam Hatip Lisesi / FEN VE SOSYAL BİLİMLER PROGRAMI,Anadolu İmam Hatip Lisesi,İngilizce,"356,551","24,16"
"İstanbul / Tuzla / Piri Reis Mesleki Ve Teknik Anadolu Lisesi / GEMİ
YAPIMI ALANI",Anadolu Teknik Programı,İngilizce,"356,511","24,17"
İstanbul / Kartal / Kartal Şehit Salih Alışkan Mesleki Ve Teknik Anadolu Lisesi / BİLİŞİM TEKNOLOJİLERİ ALANI,Anadolu Teknik Programı,İngilizce,"356,364","24,2"
"İstanbul / Esenyurt / Borusan Asım Kocabıyık Mesleki Ve Teknik Anadolu Lisesi / MAKİNE VE TASARIM TEKNOLOJİSİ ALANI
(SINAVLI)",Anadolu Meslek Programı,İngilizce,"354,999","24,51"
"İstanbul / Sultanbeyli / Sultanbeyli Kız Anadolu İmam Hatip Lisesi /
FEN VE SOSYAL BİLİMLER PROGRAMI",Anadolu İmam Hatip Lisesi,İngilizce,"354,199","24,7"
"İstanbul / Ataşehir / Ataşehir Kız Anadolu İmam Hatip Lisesi / FEN VE SOSYAL BİLİMLER
PROGRAMI",Anadolu İmam Hatip Lisesi,İngilizce,"352,072","25,2"
"İstanbul / Büyükçekmece / Şehit Şirin Diril Kız Anadolu İmam Hatip Lisesi / FEN VE SOSYAL
BİLİMLER PROGRAMI",Anadolu İmam Hatip Lisesi,İngilizce,"350,234","25,65"
İstanbul / Kağıthane / Profilo Mesleki Ve Teknik Anadolu Lisesi / BİLİŞİM TEKNOLOJİLERİ ALANI,Anadolu Teknik Programı,İngilizce,"348,389","26,09"
"İstanbul / Zeytinburnu / Zeytinburnu Kız Anadolu İmam Hatip Lisesi / FEN VE SOSYAL BİLİMLER
PROGRAMI",Anadolu İmam Hatip Lisesi,İngilizce,"346,792","26,47"
İstanbul / Üsküdar / Haydarpaşa Mesleki Ve Teknik Anadolu Lisesi / ELEKTRİK-ELEKTRONİK TEKNOLOJİSİ ALANI,Anadolu Teknik Programı,İngilizce,"344,934","26,93"
"İstanbul / Fatih / Fatih Kız Anadolu İmam Hatip Lisesi / FEN VE
SOSYAL BİLİMLER PROGRAMI",Anadolu İmam Hatip Lisesi,İngilizce,"344,305","27,08"
"İstanbul / Maltepe / Maltepe Kız Anadolu İmam Hatip Lisesi / FEN
VE SOSYAL BİLİMLER PROGRAMI",Anadolu İmam Hatip Lisesi,İngilizce,"343,598","27,26"
İstanbul / Eyüpsultan / Eyüpsultan Kız Anadolu İmam Hatip Lisesi / FEN VE SOSYAL BİLİMLER PROGRAMI,Anadolu İmam Hatip Lisesi,İngilizce,"342,607","27,5"
"İstanbul / Sarıyer / Şehit Fatih Satır Anadolu İmam Hatip Lisesi / FEN VE SOSYAL BİLİMLER
PROGRAMI",Anadolu İmam Hatip Lisesi,İngilizce,"342,346","27,56"
"İstanbul / Küçükçekmece / Toki Güneşparkevleri Kız Anadolu İmam Hatip Lisesi / FEN VE SOSYAL
BİLİMLER PROGRAMI",Anadolu İmam Hatip Lisesi,İngilizce,"342,18","27,61"
İstanbul / Şişli / Şişli Mesleki Ve Teknik Anadolu Lisesi / BİLİŞİM TEKNOLOJİLERİ ALANI,Anadolu Teknik Programı,İngilizce,"340,857","28,03"
"İstanbul / Bağcılar / Hızır Reis Kız Anadolu İmam Hatip Lisesi / FEN VE SOSYAL BİLİMLER
PROGRAMI",Anadolu İmam Hatip Lisesi,İngilizce,"340,593","28,18"
"İstanbul / Üsküdar / Haydarpaşa Mesleki Ve Teknik Anadolu Lisesi /
ENDÜSTRİYEL OTOMASYON TEKNOLOJİLERİ ALANI",Anadolu Teknik Programı,İngilizce,"339,233","28,46"
İstanbul / Sultanbeyli / Sultanbeyli Sabiha Gökçen Mesleki Ve Teknik Anadolu Lisesi / ELEKTRİK- ELEKTRONİK TEKNOLOJİSİ ALANI,Anadolu Teknik Programı,İngilizce,"338,918","28,52"
"İstanbul / Ümraniye / Saray Anadolu İmam Hatip Lisesi / FEN VE
SOSYAL BİLİMLER PROGRAMI",Anadolu İmam Hatip Lisesi,İngilizce,"338,768","28,55"
İstanbul / Kağıthane / Kağıthane Kız Anadolu İmam Hatip Lisesi / FEN VE SOSYAL BİLİMLER PROGRAMI,Anadolu İmam Hatip Lisesi,İngilizce,"336,058","29,18"
"İstanbul / Başakşehir / Borsa İstanbul Başakşehir Mesleki Ve Teknik Anadolu Lisesi / BİLİŞİM
TEKNOLOJİLERİ ALANI",Anadolu Teknik Programı,İngilizce,"335,082","29,44"
"İstanbul / Bahçelievler / İmmib Erkan Avcı Mesleki Ve Teknik Anadolu Lisesi / ELEKTRİK-
ELEKTRONİK TEKNOLOJİSİ ALANI",Anadolu Teknik Programı,İngilizce,"333,991","29,74"
"İstanbul / Bahçelievler / Ahmet Şişman Kız Anadolu İmam Hatip Lisesi / FEN VE SOSYAL
BİLİMLER PROGRAMI",Anadolu İmam Hatip Lisesi,İngilizce,"333,945","29,76"
İstanbul / Pendik / Nuri Demirağ Mesleki Ve Teknik Anadolu Lisesi / ELEKTRİK-ELEKTRONİK TEKNOLOJİSİ ALANI,Anadolu Teknik Programı,İngilizce,"333,47","29,97"
"İstanbul / Üsküdar / Üsküdar Dış Ticaret Mesleki Ve Teknik Anadolu Lisesi / BİLİŞİM TEKNOLOJİLERİ
ALANI (SINAVLI)",Anadolu Meslek Programı,İngilizce,"332,668","30,25"
İstanbul / Büyükçekmece / Şehit Kemal Ekşi Anadolu İmam Hatip,Anadolu İmam Hatip Lisesi,İngilizce,"331,937","30,35"
Lisesi / FEN VE SOSYAL BİLİMLER PROGRAMI,,,,
"İstanbul / Üsküdar / Üsküdar Anadolu İmam Hatip Lisesi / FEN VE SOSYAL BİLİMLER
PROGRAMI",Anadolu İmam Hatip Lisesi,İngilizce,"331,298","30,44"
"İstanbul / Ümraniye / Dudullu Amanetoğlu Anadolu İmam Hatip
Lisesi / FEN VE SOSYAL BİLİMLER PROGRAMI",Anadolu İmam Hatip Lisesi,İngilizce,"331,146","30,47"
İstanbul / Tuzla / Tuzla Mesleki Ve Teknik Anadolu Lisesi / ENDÜSTRİYEL OTOMASYON TEKNOLOJİLERİ ALANI,Anadolu Teknik Programı,İngilizce,"329,67","30,86"
"İstanbul / Beylikdüzü / Musa Efendi Kız Anadolu İmam Hatip Lisesi / FEN VE SOSYAL BİLİMLER
PROGRAMI",Anadolu İmam Hatip Lisesi,İngilizce,"329,347","30,95"
İstanbul / Beylikdüzü / Musa Efendi Kız Anadolu İmam Hatip Lisesi / FEN VE SOSYAL BİLİMLER PROGRAMI,Hazırlık Sınıfı Bulunan Anadolu İmam Hatip Lisesi,İngilizce,"329,228","30,98"
"İstanbul / Bağcılar / Abdurrahman Ve Nermin Bilimli Mesleki Ve Teknik Anadolu Lisesi / BİLİŞİM
TEKNOLOJİLERİ ALANI",Anadolu Teknik Programı,İngilizce,"328,093","31,28"
"İstanbul / Sarıyer / Sarıyer Kız Anadolu İmam Hatip Lisesi / FEN
VE SOSYAL BİLİMLER PROGRAMI",Hazırlık Sınıfı Bulunan Anadolu İmam Hatip Lisesi,İngilizce,"327,018","31,58"
"İstanbul / Sultangazi / Recep Tayyip Erdoğan Kız Anadolu İmam Hatip Lisesi / FEN VE SOSYAL
BİLİMLER PROGRAMI",Anadolu İmam Hatip Lisesi,İngilizce,"326,77","31,64"
"İstanbul / Bahçelievler / Bahçelievler Mesleki Ve Teknik Anadolu Lisesi / SAĞLIK HİZMETLERİ ALANI
(SINAVLI)",Anadolu Meslek Programı,İngilizce,"325,875","31,89"
"İstanbul / Gaziosmanpaşa / Osmangazi Kız Anadolu İmam
Hatip Lisesi / FEN VE SOSYAL BİLİMLER PROGRAMI",Anadolu İmam Hatip Lisesi,İngilizce,"325,15","32,09"
"İstanbul / Maltepe / Maltepe Orhangazi Anadolu İmam Hatip Lisesi / FEN VE SOSYAL
BİLİMLER PROGRAMI",Anadolu İmam Hatip Lisesi,İngilizce,"323,505","32,55"
İstanbul / Üsküdar / Hakkı Demir Anadolu İmam Hatip Lisesi / HAFIZLIK PROJESİ (Fen ve Sosyal Bilimler Programı),Anadolu İmam Hatip Lisesi,İngilizce,"321,323","33,17"
"İstanbul / Çekmeköy / Taşdelen Borsa İstanbul Mesleki Ve Teknik Anadolu Lisesi / BİLİŞİM
TEKNOLOJİLERİ ALANI",Anadolu Teknik Programı,İngilizce,"321,196","33,2"
"İstanbul / Maltepe / Şehit Osman Yılmaz Kız Anadolu İmam Hatip Lisesi / FEN VE SOSYAL
BİLİMLER PROGRAMI",Anadolu İmam Hatip Lisesi,İngilizce,"319,268","33,75"
"İstanbul / Bayrampaşa / İstanbul Ticaret Odası Mesleki Ve Teknik Anadolu Lisesi / RADYO-
TELEVİZYON ALANI (SINAVLI)",Anadolu Meslek Programı,İngilizce,"319,132","33,79"
İstanbul / Üsküdar / Haydarpaşa Mesleki Ve Teknik Anadolu Lisesi / MAKİNE VE TASARIM TEKNOLOJİSİ ALANI,Anadolu Teknik Programı,İngilizce,"318,124","34,09"
"İstanbul / Başakşehir / Bahçeşehir Borsa İstanbul Mesleki Ve Teknik Anadolu Lisesi / BİLİŞİM
TEKNOLOJİLERİ ALANI",Anadolu Teknik Programı,İngilizce,"314,274","35,23"
İstanbul / Beşiktaş / Beşiktaş Anadolu İmam Hatip Lisesi / FEN VE SOSYAL BİLİMLER PROGRAMI,Anadolu İmam Hatip Lisesi,İngilizce,"314,141","35,27"
"İstanbul / Arnavutköy / İbrahim Özaydın Mesleki Ve Teknik Anadolu Lisesi / ELEKTRİK- ELEKTRONİK TEKNOLOJİSİ
ALANI",Anadolu Teknik Programı,İngilizce,"313,962","35,32"
"İstanbul / Avcılar / Avcılar Kız Anadolu İmam Hatip Lisesi / FEN VE SOSYAL BİLİMLER
PROGRAMI",Anadolu İmam Hatip Lisesi,İngilizce,"312,811","35,66"
"İstanbul / Çekmeköy / Çekmeköy Anadolu İmam Hatip Lisesi / FEN VE SOSYAL BİLİMLER
PROGRAMI",Anadolu İmam Hatip Lisesi,İngilizce,"312,135","35,86"
İstanbul / Üsküdar / Selimiye Mesleki Ve Teknik Anadolu Lisesi / LABORATUVAR HİZMETLERİ ALANI,Anadolu Teknik Programı,İngilizce,"311,6","36,02"
"İstanbul / Kartal / Atalar Mesleki Ve Teknik Anadolu Lisesi / ELEKTRİK-ELEKTRONİK
TEKNOLOJİSİ ALANI",Anadolu Teknik Programı,İngilizce,"311,214","36,14"
"İstanbul / Tuzla / Tuzla Mesleki Ve Teknik Anadolu Lisesi /
ELEKTRİK-ELEKTRONİK TEKNOLOJİSİ ALANI",Anadolu Teknik Programı,İngilizce,"311,01","36,2"
"İstanbul / Bayrampaşa / İnönü Mesleki Ve Teknik Anadolu Lisesi / ELEKTRİK-ELEKTRONİK
TEKNOLOJİSİ ALANI",Anadolu Teknik Programı,İngilizce,"308,376","37,01"
İstanbul / Pendik / Pendik Barbaros Hayrettin Paşa Mesleki Ve Teknik Anadolu Lisesi / GEMİ YAPIMI ALANI,Anadolu Teknik Programı,İngilizce,"308,073","37,11"
İstanbul / Avcılar / Avcılar Mesleki Ve Teknik Anadolu Lisesi /,Anadolu Teknik Programı,İngilizce,"306,849","37,48"
ELEKTRİK-ELEKTRONİK TEKNOLOJİSİ ALANI,,,,
"İstanbul / Bahçelievler / İmmib Erkan Avcı Mesleki Ve Teknik Anadolu Lisesi / MAKİNE VE
TASARIM TEKNOLOJİSİ ALANI",Anadolu Teknik Programı,İngilizce,"304,751","38,14"
"İstanbul / Arnavutköy / İbrahim Özaydın Mesleki Ve Teknik Anadolu Lisesi / KİMYA
TEKNOLOJİSİ ALANI",Anadolu Teknik Programı,İngilizce,"303,369","38,58"
İstanbul / Üsküdar / Tenzile Erdoğan Kız Anadolu İmam Hatip Lisesi / HAFIZLIK PROJESİ,Anadolu İmam Hatip Lisesi,İngilizce,"302,195","38,96"
"İstanbul / Ataşehir / Dr. Nureddin Erk-Perihan Erk Mesleki Ve Teknik Anadolu Lisesi / YENİLENEBİLİR
ENERJİ TEKNOLOJİLERİ ALANI",Anadolu Teknik Programı,İngilizce,"301,472","39,18"
"İstanbul / Kartal / Şehit Koray
Karaca Anadolu İmam Hatip Lisesi / FEN VE SOSYAL BİLİMLER PROGRAMI",Anadolu İmam Hatip Lisesi,İngilizce,"300,638","39,51"
İstanbul / Zeytinburnu / Zeytinburnu Mesleki Ve Teknik Anadolu Lisesi / BİLİŞİM TEKNOLOJİLERİ ALANI,Anadolu Teknik Programı,İngilizce,"299,28","40,1"
"İstanbul / Pendik / Pendik Mesleki Ve Teknik Anadolu Lisesi / ENDÜSTRİYEL OTOMASYON
TEKNOLOJİLERİ ALANI",Anadolu Teknik Programı,İngilizce,"294,341","41,57"
"İstanbul / Gaziosmanpaşa / Kazım Karabekir Anadolu İmam Hatip Lisesi / FEN VE SOSYAL
BİLİMLER PROGRAMI",Anadolu İmam Hatip Lisesi,İngilizce,"293,745","41,76"
İstanbul / Beykoz / Beykoz Barbaros Hayrettin Paşa Mesleki Ve Teknik Anadolu Lisesi / ELEKTRİK- ELEKTRONİK TEKNOLOJİSİ ALANI,Anadolu Teknik Programı,İngilizce,"292,343","42,27"
"İstanbul / Küçükçekmece / İsmet Aktar Mesleki Ve Teknik Anadolu
Lisesi / BİLİŞİM TEKNOLOJİLERİ ALANI (SINAVLI)",Anadolu Meslek Programı,İngilizce,"291,723","42,49"
İstanbul / Bayrampaşa / İnönü Mesleki Ve Teknik Anadolu Lisesi / MAKİNE VE TASARIM TEKNOLOJİSİ ALANI,Anadolu Teknik Programı,İngilizce,"291,436","42,6"
İstanbul / Avcılar / Avcılar Mesleki Ve Teknik Anadolu Lisesi / MAKİNE VE TASARIM TEKNOLOJİSİ ALANI,Anadolu Teknik Programı,İngilizce,"291,345","42,63"
"İstanbul / Kağıthane / Profilo Mesleki Ve Teknik Anadolu Lisesi / ELEKTRİK-ELEKTRONİK
TEKNOLOJİSİ ALANI",Anadolu Teknik Programı,İngilizce,"291,097","42,72"
"İstanbul / Ataşehir / Dr. Nureddin Erk-Perihan Erk Mesleki Ve Teknik Anadolu Lisesi / ELEKTRİK-
ELEKTRONİK TEKNOLOJİSİ ALANI",Anadolu Teknik Programı,İngilizce,"290,15","43,06"
"İstanbul / Bahçelievler / Bahçelievler Aydın Doğan Mesleki Ve Teknik
Anadolu Lisesi / RADYO- TELEVİZYON ALANI",Anadolu Teknik Programı,İngilizce,"289,042","43,31"
"İstanbul / Beşiktaş / İsov-Dinçkök Mesleki Ve Teknik Anadolu Lisesi / ENDÜSTRİYEL OTOMASYON TEKNOLOJİLERİ ALANI
(SINAVLI)",Anadolu Meslek Programı,İngilizce,"287,274","43,99"
İstanbul / Bağcılar / Bağcılar Mesleki Ve Teknik Anadolu Lisesi / MAKİNE VE TASARIM TEKNOLOJİSİ ALANI,Anadolu Teknik Programı,İngilizce,"285,828","44,55"
"İstanbul / Pendik / Pendik Mesleki Ve Teknik Anadolu Lisesi / ELEKTRİK-ELEKTRONİK
TEKNOLOJİSİ ALANI",Anadolu Teknik Programı,İngilizce,"285,828","44,55"
İstanbul / Beykoz / Beykoz Barbaros Hayrettin Paşa Mesleki Ve Teknik Anadolu Lisesi / GEMİ YAPIMI ALANI (SINAVLI),Anadolu Meslek Programı,İngilizce,"285,731","44,57"
"İstanbul / Başakşehir / Borsa İstanbul Başakşehir Mesleki Ve Teknik Anadolu Lisesi /
ELEKTRİK-ELEKTRONİK TEKNOLOJİSİ ALANI",Anadolu Teknik Programı,İngilizce,"285,092","44,73"
İstanbul / Beşiktaş / İsov-Dinçkök Mesleki Ve Teknik Anadolu Lisesi / ELEKTRİK-ELEKTRONİK TEKNOLOJİSİ ALANI,Anadolu Teknik Programı,İngilizce,"285,056","44,74"
"İstanbul / Eyüpsultan / Eyüpsultan Şehit Furkan Doğan Anadolu İmam Hatip Lisesi / FEN VE SOSYAL
BİLİMLER PROGRAMI",Anadolu İmam Hatip Lisesi,İngilizce,"284,951","44,76"
"İstanbul / Avcılar / Mehmet Emin Horoz Mesleki Ve Teknik Anadolu Lisesi / ULAŞTIRMA
HİZMETLERİ ALANI",Anadolu Teknik Programı,İngilizce,"283,753","45,2"
"İstanbul / Bahçelievler / Bahçelievler Aydın Doğan Mesleki Ve Teknik Anadolu Lisesi / GAZETECİLİK
ALANI",Anadolu Teknik Programı,İngilizce,"283,72","45,21"
"İstanbul / Bakırköy / Bakırköy Nüket
Ercan Mesleki Ve Teknik Anadolu Lisesi / ADALET ALANI",Anadolu Teknik Programı,İngilizce,"283,288","45,37"
"İstanbul / Zeytinburnu / Zeytinburnu İdmib Mesleki Ve Teknik Anadolu
Lisesi / BİLİŞİM TEKNOLOJİLERİ ALANI (SINAVLI)",Anadolu Meslek Programı,İngilizce,"282,136","45,91"
"İstanbul / Sancaktepe / Samandıra Mesleki Ve Teknik Anadolu Lisesi / ELEKTRİK-ELEKTRONİK
TEKNOLOJİSİ ALANI",Anadolu Teknik Programı,İngilizce,"281,981","45,98"
"İstanbul / Üsküdar / Selimiye Mesleki Ve Teknik Anadolu Lisesi /
HAYVAN YETİŞTİRİCİLİĞİ VE SAĞLIĞI",Anadolu Teknik Programı,İngilizce,"280,144","46,54"
"İstanbul / Bayrampaşa / Şehit Büyükelçi İsmail Erez Mesleki Ve
Teknik Anadolu Lisesi / İTFAİYECİLİK VE YANGIN
GÜVENLİĞİ ALANI",Anadolu Teknik Programı,İngilizce,"278,832","47,02"
"İstanbul / Esenyurt / Recep Tayyip Erdoğan Kız Anadolu İmam Hatip Lisesi / FEN VE SOSYAL
BİLİMLER PROGRAMI",Anadolu İmam Hatip Lisesi,İngilizce,"278,502","47,14"
İstanbul / Güngören / İzzet Ünver Anadolu İmam Hatip Lisesi / FEN VE SOSYAL BİLİMLER PROGRAMI,Anadolu İmam Hatip Lisesi,İngilizce,"277,317","47,6"
"İstanbul / Eyüpsultan / Alibeyköy Mesleki Ve Teknik Anadolu Lisesi / ELEKTRİK-ELEKTRONİK
TEKNOLOJİSİ ALANI",Anadolu Teknik Programı,İngilizce,"276,784","47,81"
"İstanbul / Sarıyer / Vehbi Koç Vakfı Mesleki Ve Teknik Anadolu Lisesi / KONAKLAMA VE SEYAHAT
HİZMETLERİ ALANI (SINAVLI)",Anadolu Meslek Programı,İngilizce,"275,646","48,26"
"İstanbul / Çekmeköy / Taşdelen Borsa İstanbul Mesleki Ve Teknik Anadolu Lisesi / ELEKTRİK- ELEKTRONİK TEKNOLOJİSİ
ALANI (SINAVLI)",Anadolu Meslek Programı,İngilizce,"274,583","48,68"
İstanbul / Bahçelievler / Siyavuşpaşa Mesleki Ve Teknik Anadolu Lisesi / ÇOCUK GELİŞİMİ VE EĞİTİMİ ALANI (SINAVLI),Anadolu Meslek Programı,İngilizce,"273,591","49,07"
"İstanbul / Sultangazi / Sabri Ülker Anadolu İmam Hatip Lisesi / FEN
VE SOSYAL BİLİMLER PROGRAMI",Anadolu İmam Hatip Lisesi,İngilizce,"273,249","49,2"
İstanbul / Ümraniye / Tev Uğuz Tarık Demirağ Mesleki Ve Teknik Anadolu Lisesi / ELEKTRİK- ELEKTRONİK TEKNOLOJİSİ ALANI (SINAVLI),Anadolu Teknik Programı,İngilizce,"272,766","49,39"
"İstanbul / Üsküdar / Selimiye
Mesleki Ve Teknik Anadolu Lisesi / GIDA TEKNOLOJİSİ ALANI",Anadolu Teknik Programı,İngilizce,"272,373","49,55"
"İstanbul / Beylikdüzü / Gürpınar Borsa İstanbul Mesleki Ve Teknik Anadolu Lisesi / BİYOMEDİKAL
CİHAZ TEKNOLOJİLERİ ALANI (SINAVLI)",Anadolu Meslek Programı,İngilizce,"272,27","49,59"
İstanbul / Şişli / Şişli Mesleki Ve Teknik Anadolu Lisesi / MOTORLU ARAÇLAR TEKNOLOJİSİ ALANI,Anadolu Teknik Programı,İngilizce,"272,141","49,64"
"İstanbul / Eyüpsultan / Alibeyköy Mesleki Ve Teknik Anadolu Lisesi / MAKİNE VE TASARIM
TEKNOLOJİSİ ALANI",Anadolu Teknik Programı,İngilizce,"272,106","49,65"
"İstanbul / Sultangazi / Sultangazi Mesleki Ve Teknik Anadolu Lisesi /
ELEKTRİK-ELEKTRONİK TEKNOLOJİSİ ALANI",Anadolu Teknik Programı,İngilizce,"270,089","50,47"
"İstanbul / Sancaktepe / Samandıra Mesleki Ve Teknik Anadolu Lisesi / MOTORLU ARAÇLAR
TEKNOLOJİSİ ALANI",Anadolu Teknik Programı,İngilizce,"270,048","50,48"
"İstanbul / Başakşehir / Borsa İstanbul Başakşehir Mesleki Ve
Teknik Anadolu Lisesi / MOTORLU ARAÇLAR TEKNOLOJİSİ ALANI",Anadolu Teknik Programı,İngilizce,"269,205","50,84"
İstanbul / Fatih / Sultanahmet Mesleki Ve Teknik Anadolu Lisesi / ELEKTRİK-ELEKTRONİK TEKNOLOJİSİ ALANI,Anadolu Teknik Programı,İngilizce,"268,165","51,28"
"İstanbul / Şişli / Şişli Mesleki Ve Teknik Anadolu Lisesi / ELEKTRİK-ELEKTRONİK
TEKNOLOJİSİ ALANI",Anadolu Teknik Programı,İngilizce,"267,31","51,64"
İstanbul / Beşiktaş / İsov-Dinçkök Mesleki Ve Teknik Anadolu Lisesi / YENİLENEBİLİR ENERJİ TEKNOLOJİLERİ ALANI,Anadolu Teknik Programı,İngilizce,"267,289","51,65"
"İstanbul / Bağcılar / Abdurrahman Ve Nermin Bilimli Mesleki Ve Teknik Anadolu Lisesi / ULAŞTIRMA HİZMETLERİ
ALANI",Anadolu Teknik Programı,İngilizce,"266,341","52,05"
İstanbul / Şişli / Zincirlikuyu İsov Mesleki Ve Teknik Anadolu Lisesi / İNŞAAT TEKNOLOJİSİ ALANI,Anadolu Teknik Programı,İngilizce,"265,443","52,43"
"İstanbul / Pendik / Hezarfen Mesleki Ve Teknik Anadolu Lisesi / ELEKTRİK-ELEKTRONİK
TEKNOLOJİSİ ALANI",Anadolu Teknik Programı,İngilizce,"265,394","52,45"
"İstanbul / Ümraniye / Tev Uğuz Tarık Demirağ Mesleki Ve Teknik Anadolu Lisesi / RAYLI
SİSTEMLER TEKNOLOJİSİ ALANI (SINAVLI)",Anadolu Teknik Programı,İngilizce,"264,812","52,7"
"İstanbul / Esenler / Esenler Mesleki Ve Teknik Anadolu Lisesi / ELEKTRİK-ELEKTRONİK
TEKNOLOJİSİ ALANI",Anadolu Teknik Programı,İngilizce,"263,726","53,15"
İstanbul / Tuzla / Asım Kibar Mesleki Ve Teknik Anadolu Lisesi /,Anadolu Meslek Programı,İngilizce,"263,481","53,26"
KONAKLAMA VE SEYAHAT HİZMETLERİ ALANI (SINAVLI),,,,
"İstanbul / Bağcılar / Alaattin-Nilüfer Kadayıfcıoğlu Mesleki Ve Teknik Anadolu Lisesi / BİLİŞİM
TEKNOLOJİLERİ ALANI",Anadolu Teknik Programı,İngilizce,"262,635","53,62"
"İstanbul / Başakşehir / Borsa İstanbul Başakşehir Mesleki Ve Teknik Anadolu Lisesi / MAKİNE VE TASARIM TEKNOLOJİSİ
ALANI",Anadolu Teknik Programı,İngilizce,"262,488","53,68"
"İstanbul / Pendik / Pendik Barbaros Hayrettin Paşa Mesleki Ve Teknik Anadolu Lisesi / GEMİ YAPIMI
ALANI (SINAVLI)",Anadolu Meslek Programı,İngilizce,"262,237","53,78"
"İstanbul / Kadıköy / 50. Yıl Cumhuriyet Feridun Tümer Mesleki
Ve Teknik Anadolu Lisesi / GRAFİK VE FOTOĞRAF ALANI (SINAVLI)",Anadolu Meslek Programı,İngilizce,"262,215","53,79"
"İstanbul / Bahçelievler / Şehit Erol Olçok Mesleki Ve Teknik Anadolu Lisesi / YENİLENEBİLİR ENERJİ
TEKNOLOJİLERİ ALANI",Anadolu Teknik Programı,İngilizce,"261,156","54,25"
"İstanbul / Pendik / Pendik Nuh Kuşçulu Seramik Ve Cam Teknolojisi Mesleki Ve Teknik
Anadolu Lisesi / GRAFİK VE FOTOĞRAF ALANI",Anadolu Teknik Programı,İngilizce,"259,062","55,2"
"İstanbul / Kağıthane / Kağıthane Mesleki Ve Teknik Anadolu Lisesi /
ADALET ALANI",Anadolu Teknik Programı,İngilizce,"258,659","55,38"
"İstanbul / Sarıyer / Vehbi Koç Vakfı Mesleki Ve Teknik Anadolu Lisesi /
YİYECEK İÇECEK HİZMETLERİ ALANI (SINAVLI)",Anadolu Meslek Programı,İngilizce,"258,498","55,45"
İstanbul / Bağcılar / Orhangazi Anadolu İmam Hatip Lisesi / FEN VE SOSYAL BİLİMLER PROGRAMI,Anadolu İmam Hatip Lisesi,İngilizce,"258,432","55,48"
"İstanbul / Beşiktaş / İsov-Dinçkök Mesleki Ve Teknik Anadolu Lisesi / ELEKTRİK-ELEKTRONİK
TEKNOLOJİSİ ALANI (SINAVLI)",Anadolu Meslek Programı,İngilizce,"258,119","55,62"
İstanbul / Pendik / Pendik Borsa İstanbul Mesleki Ve Teknik Anadolu Lisesi / MOTORLU ARAÇLAR TEKNOLOJİSİ ALANI,Anadolu Teknik Programı,İngilizce,"257,417","55,94"
"İstanbul / Kartal / Atalar Mesleki Ve Teknik Anadolu Lisesi / MOTORLU
ARAÇLAR TEKNOLOJİSİ ALANI",Anadolu Teknik Programı,İngilizce,"256,764","56,24"
"İstanbul / Ümraniye / Ümraniye Mesleki Ve Teknik Anadolu Lisesi / MAKİNE VE TASARIM
TEKNOLOJİSİ ALANI",Anadolu Teknik Programı,İngilizce,"256,762","56,24"
"İstanbul / Ataşehir / Ümit Meriç Kız Anadolu İmam Hatip Lisesi / FEN VE SOSYAL BİLİMLER
PROGRAMI",Anadolu İmam Hatip Lisesi,İngilizce,"256,155","56,52"
"İstanbul / Sancaktepe / Fehmi
Yılmaz Mesleki Ve Teknik Anadolu Lisesi / YİYECEK İÇECEK
HİZMETLERİ ALANI (SINAVLI)",Anadolu Meslek Programı,İngilizce,"255,444","56,84"
İstanbul / Güngören / Güngören Mesleki Ve Teknik Anadolu Lisesi / MAKİNE VE TASARIM TEKNOLOJİSİ ALANI,Anadolu Teknik Programı,İngilizce,"255,259","56,92"
"İstanbul / Kağıthane / Ekrem
Cevahir Anadolu İmam Hatip Lisesi
/ FEN VE SOSYAL BİLİMLER PROGRAMI",Anadolu İmam Hatip Lisesi,İngilizce,"254,018","57,53"
"İstanbul / Çekmeköy / Taşdelen Borsa İstanbul Mesleki Ve Teknik Anadolu Lisesi / MOTORLU
ARAÇLAR TEKNOLOJİSİ ALANI (SINAVLI)",Anadolu Meslek Programı,İngilizce,"253,311","57,98"
"İstanbul / Küçükçekmece / Dr.Oktay Duran Mesleki Ve Teknik Anadolu Lisesi / GRAFİK VE FOTOĞRAF
ALANI",Anadolu Teknik Programı,İngilizce,"253,263","58,01"
"İstanbul / Esenyurt / Ali Kul Mesleki Ve Teknik Anadolu Lisesi / ELEKTRİK-ELEKTRONİK
TEKNOLOJİSİ ALANI",Anadolu Teknik Programı,İngilizce,"252,791","58,26"
"İstanbul / Zeytinburnu / Zeytinburnu Mesleki Ve Teknik Anadolu Lisesi / ENDÜSTRİYEL OTOMASYON
TEKNOLOJİLERİ ALANI",Anadolu Teknik Programı,İngilizce,"252,784","58,27"
"İstanbul / Şile / Şile Borsa İstanbul
50. Yıl Çok Programlı Anadolu
Lisesi / BİLİŞİM TEKNOLOJİLERİ ALANI",Anadolu Teknik Programı,İngilizce,"251,985","58,58"
"İstanbul / Üsküdar / Üsküdar Borsa İstanbul Mesleki Ve Teknik Anadolu Lisesi / ÇOCUK GELİŞİMİ VE
EĞİTİMİ ALANI",Anadolu Teknik Programı,İngilizce,"251,861","58,63"
"İstanbul / Maltepe / Küçükyalı Mesleki Ve Teknik Anadolu Lisesi /
MOTORLU ARAÇLAR TEKNOLOJİSİ ALANI",Anadolu Teknik Programı,İngilizce,"251,798","58,65"
"İstanbul / Beylikdüzü / Beylikdüzü Azem Yükseloğlu Anadolu İmam Hatip Lisesi / FEN VE SOSYAL
BİLİMLER PROGRAMI",Anadolu İmam Hatip Lisesi,İngilizce,"251,748","58,67"
İstanbul / Kartal / Yakacık Mesleki Ve Teknik Anadolu Lisesi / BİYOMEDİKAL CİHAZ TEKNOLOJİLERİ ALANI,Anadolu Teknik Programı,İngilizce,"251,745","58,67"
İstanbul / Fatih / Sultanahmet Mesleki Ve Teknik Anadolu Lisesi /,Anadolu Teknik Programı,İngilizce,"251,7","58,69"
MAKİNE VE TASARIM TEKNOLOJİSİ ALANI,,,,
"İstanbul / Silivri / Silivri Yusuf Sarıbekir Mesleki Ve Teknik Anadolu Lisesi / ELEKTRİK- ELEKTRONİK TEKNOLOJİSİ
ALANI (SINAVLI)",Anadolu Meslek Programı,İngilizce,"250,996","58,98"
"İstanbul / Üsküdar / Üsküdar Dış Ticaret Mesleki Ve Teknik Anadolu
Lisesi / MUHASEBE VE FİNANSMAN ALANI (SINAVLI)",Anadolu Meslek Programı,İngilizce,"250,876","59,04"
İstanbul / Pendik / Melek Aknil Çok Programlı Anadolu Lisesi / ÇOCUK GELİŞİMİ VE EĞİTİMİ ALANI,Anadolu Teknik Programı,İngilizce,"250,243","59,37"
"İstanbul / Ümraniye / Ümraniye Atatürk Mesleki Ve Teknik Anadolu Lisesi / ELEKTRİK-ELEKTRONİK
TEKNOLOJİSİ ALANI (SINAVLI)",Anadolu Meslek Programı,İngilizce,"249,064","59,98"
İstanbul / Üsküdar / Haydarpaşa Mesleki Ve Teknik Anadolu Lisesi / MOBİLYA VE İÇ MEKÂN TASARIMI ALANI,Anadolu Teknik Programı,İngilizce,"248,382","60,34"
"İstanbul / Beylikdüzü / Beylikdüzü Şehit Şafak Evran Meslekî Ve Teknik Anadolu Lisesi / YİYECEK
İÇECEK HİZMETLERİ ALANI (SINAVLI)",Anadolu Meslek Programı,İngilizce,"248,123","60,48"
İstanbul / Esenyurt / Ali Kul Mesleki Ve Teknik Anadolu Lisesi / KİMYA TEKNOLOJİSİ ALANI,Anadolu Teknik Programı,İngilizce,"247,799","60,65"
"İstanbul / Üsküdar / Üsküdar Dış Ticaret Mesleki Ve Teknik Anadolu Lisesi / ULAŞTIRMA
HİZMETLERİ ALANI (SINAVLI)",Anadolu Meslek Programı,İngilizce,"247,7","60,7"
"İstanbul / Zeytinburnu / Zeytinburnu Merkezefendi Anadolu İmam Hatip Lisesi / FEN VE SOSYAL
BİLİMLER PROGRAMI",Anadolu İmam Hatip Lisesi,İngilizce,"247,643","60,73"
İstanbul / Pendik / Rauf Denktaş Mesleki Ve Teknik Anadolu Lisesi / GÜZELLİK HİZMETLERİ ALANI (SINAVLI),Anadolu Meslek Programı,İngilizce,"246,574","61,29"
İstanbul / Bayrampaşa / Bayrampaşa Mesleki Ve Teknik Anadolu Lisesi / MODA TASARIM TEKNOLOJİLERİ,Anadolu Teknik Programı,İngilizce,"246,049","61,56"
İstanbul / Kağıthane / Kağıthane İto Mesleki Ve Teknik Anadolu Lisesi / GRAFİK VE FOTOĞRAF ALANI,Anadolu Teknik Programı,İngilizce,"245,602","61,79"
İstanbul / Küçükçekmece / Ayhan Arı Borsa İstanbul Meslekî Ve Teknik Anadolu Lisesi / KİMYA TEKNOLOJİSİ ALANI,Anadolu Teknik Programı,İngilizce,"245,038","62,09"
İstanbul / Ümraniye / Ümraniye Atatürk Mesleki Ve Teknik Anadolu,Anadolu Teknik Programı,İngilizce,"244,26","62,49"
Lisesi / MAKİNE VE TASARIM TEKNOLOJİSİ ALANI,,,,
"İstanbul / Kartal / Şehit Öğretmen Hüseyin Ağırman Mesleki Ve Teknik Anadolu Lisesi / MAKİNE VE TASARIM TEKNOLOJİSİ
ALANI",Anadolu Teknik Programı,İngilizce,"244,197","62,53"
"İstanbul / Gaziosmanpaşa / Kardelen Mesleki Ve Teknik Anadolu Lisesi /
ELEKTRİK-ELEKTRONİK TEKNOLOJİSİ ALANI (SINAVLI)",Anadolu Meslek Programı,İngilizce,"243,74","62,77"
"İstanbul / Kağıthane / Profilo Mesleki Ve Teknik Anadolu Lisesi / ELEKTRİK-ELEKTRONİK
TEKNOLOJİSİ ALANI",Anadolu Teknik Programı,Fransızca,"242,872","63,22"
"İstanbul / Küçükçekmece / Zehra Mustafa Dalgıç Dış Ticaret Mesleki Ve Teknik Anadolu Lisesi /
MUHASEBE VE FİNANSMAN ALANI (SINAVLI)",Anadolu Meslek Programı,İngilizce,"242,807","63,25"
İstanbul / Beşiktaş / Etiler Mesleki Ve Teknik Anadolu Lisesi / KONAKLAMA VE SEYAHAT HİZMETLERİ ALANI (SINAVLI),Anadolu Meslek Programı,İngilizce,"242,69","63,32"
"İstanbul / Şişli / Zincirlikuyu İsov Mesleki Ve Teknik Anadolu Lisesi /
HARİTA-TAPU-KADASTRO ALANI",Anadolu Teknik Programı,İngilizce,"242,52","63,4"
İstanbul / Kağıthane / İstanbul Vali Hayri Kozakçıoğlu Mesleki Ve Teknik Anadolu Lisesi / ADALET ALANI,Anadolu Teknik Programı,İngilizce,"242,501","63,41"
"İstanbul / Pendik / Hezarfen Mesleki Ve Teknik Anadolu Lisesi /
ULAŞTIRMA HİZMETLERİ ALANI",Anadolu Teknik Programı,İngilizce,"242,156","63,59"
"İstanbul / Beşiktaş / İsov-Dinçkök Mesleki Ve Teknik Anadolu Lisesi / YENİLENEBİLİR ENERJİ TEKNOLOJİLERİ ALANI
(SINAVLI)",Anadolu Meslek Programı,İngilizce,"241,833","63,76"
"İstanbul / Beşiktaş / Etiler Mesleki Ve Teknik Anadolu Lisesi /
YİYECEK İÇECEK HİZMETLERİ ALANI (SINAVLI)",Anadolu Meslek Programı,İngilizce,"241,656","63,86"
"İstanbul / Tuzla / Asım Kibar Mesleki Ve Teknik Anadolu Lisesi / YİYECEK İÇECEK HİZMETLERİ
ALANI (SINAVLI)",Anadolu Meslek Programı,İngilizce,"241,63","63,87"
"İstanbul / Küçükçekmece / İsmet Aktar Mesleki Ve Teknik Anadolu
Lisesi / MAKİNE VE TASARIM TEKNOLOJİSİ ALANI (SINAVLI)",Anadolu Meslek Programı,İngilizce,"240,144","64,65"
İstanbul / Bağcılar / Bağcılar Mesleki Ve Teknik Anadolu Lisesi / İNŞAAT TEKNOLOJİSİ ALANI,Anadolu Teknik Programı,İngilizce,"239,268","65,1"
"İstanbul / Eyüpsultan / Göktürk Kız Anadolu İmam Hatip Lisesi / FEN VE SOSYAL BİLİMLER
PROGRAMI",Anadolu İmam Hatip Lisesi,İngilizce,"238,991","65,25"
"İstanbul / Kadıköy / Kadıköy Göztepe Mesleki Ve Teknik
Anadolu Lisesi / MUHASEBE VE FİNANSMAN ALANI (SINAVLI)",Anadolu Meslek Programı,İngilizce,"238,688","65,41"
"İstanbul / Kartal / Kartal Sabiha Gökçen Mesleki Ve Teknik Anadolu Lisesi / YİYECEK İÇECEK
HİZMETLERİ ALANI (SINAVLI)",Anadolu Meslek Programı,İngilizce,"238,495","65,51"
"İstanbul / Bahçelievler / Şehit Erol Olçok Mesleki Ve Teknik Anadolu
Lisesi / RAYLI SİSTEMLER TEKNOLOJİSİ ALANI",Anadolu Teknik Programı,İngilizce,"238,361","65,58"
İstanbul / Silivri / Silivri Kız Anadolu İmam Hatip Lisesi / FEN VE SOSYAL BİLİMLER PROGRAMI,Anadolu İmam Hatip Lisesi,İngilizce,"238,315","65,6"
"İstanbul / Şişli / Nişantaşı Rüştü Uzel Mesleki Ve Teknik Anadolu Lisesi / MODA TASARIM
TEKNOLOJİLERİ",Anadolu Teknik Programı,İngilizce,"237,05","66,39"
İstanbul / Başakşehir / Borsa İstanbul Başakşehir Mesleki Ve Teknik Anadolu Lisesi / KİMYA TEKNOLOJİSİ ALANI,Anadolu Teknik Programı,İngilizce,"236,422","66,79"
"İstanbul / Pendik / Pendik Halil Kaya Gedik Metal Teknolojisi Mesleki Ve Teknik Anadolu Lisesi /
METAL TEKNOLOJİSİ ALANI",Anadolu Teknik Programı,İngilizce,"236,351","66,83"
"İstanbul / Ataşehir / Nuri
Cıngıllıoğlu Mesleki Ve Teknik Anadolu Lisesi / ELEKTRİK- ELEKTRONİK TEKNOLOJİSİ ALANI (SINAVLI)",Anadolu Meslek Programı,İngilizce,"235,482","67,38"
"İstanbul / Beşiktaş / Rüştü Akın Mesleki Ve Teknik Anadolu Lisesi / MODA TASARIM
TEKNOLOJİLERİ",Anadolu Teknik Programı,İngilizce,"235,394","67,44"
İstanbul / Beykoz / Boğaziçi Kız Anadolu İmam Hatip Lisesi / FEN VE SOSYAL BİLİMLER PROGRAMI,Anadolu İmam Hatip Lisesi,İngilizce,"234,171","68,21"
"İstanbul / Sarıyer / Mehmet Rıfat Evyap Mesleki Ve Teknik Anadolu Lisesi / KİMYA TEKNOLOJİSİ
ALANI",Anadolu Teknik Programı,İngilizce,"234,117","68,25"
"İstanbul / Küçükçekmece /
Küçükçekmece Kuyumculuk Teknolojisi Mesleki Ve Teknik",Anadolu Teknik Programı,İngilizce,"232,774","69,1"
Anadolu Lisesi / KUYUMCULUK TEKNOLOJİSİ ALANI,,,,
İstanbul / Fatih / Cağaloğlu Mesleki Ve Teknik Anadolu Lisesi / GRAFİK VE FOTOĞRAF ALANI,Anadolu Teknik Programı,İngilizce,"232,746","69,11"
"İstanbul / Zeytinburnu / Zeytinburnu
M. İhsan Mermerci Mesleki Ve Teknik Anadolu Lisesi /
KONAKLAMA VE SEYAHAT HİZMETLERİ ALANI (SINAVLI)",Anadolu Meslek Programı,İngilizce,"232,684","69,15"
İstanbul / Kartal / Yakacık Mesleki Ve Teknik Anadolu Lisesi / KİMYA TEKNOLOJİSİ ALANI,Anadolu Teknik Programı,İngilizce,"232,497","69,27"
"İstanbul / Esenyurt / Aydoğan Öztiryaki Tim Sander Dış Ticaret
Mesleki Ve Teknik Anadolu Lisesi /
ELEKTRİK-ELEKTRONİK TEKNOLOJİSİ ALANI (SINAVLI)",Anadolu Teknik Programı,İngilizce,"232,016","69,58"
"İstanbul / Gaziosmanpaşa /
Gaziosmanpaşa Mesleki Ve Teknik Anadolu Lisesi / İNŞAAT TEKNOLOJİSİ ALANI (SINAVLI)",Anadolu Meslek Programı,İngilizce,"230,397","70,6"
"İstanbul / Sultangazi / Sultangazi Nene Hatun Mesleki Ve Teknik Anadolu Lisesi / GRAFİK VE
FOTOĞRAF ALANI",Anadolu Teknik Programı,İngilizce,"229,988","70,86"
"İstanbul / Beykoz / Şehit Eren Bülbül Mesleki Ve Teknik Anadolu
Lisesi / TARIM ALANI",Anadolu Teknik Programı,İngilizce,"229,13","71,4"
"İstanbul / Beylikdüzü / İstanbul Ticaret Odası Beylikdüzü Osb
Mesleki Ve Teknik Anadolu Lisesi / TEKSTİL TEKNOLOJİSİ ALANI
(SINAVLI)",Anadolu Meslek Programı,İngilizce,"228,667","71,69"
"İstanbul / Çatalca / Çatalca Arif Nihat Asya Mesleki Ve Teknik Anadolu Lisesi / MOTORLU
ARAÇLAR TEKNOLOJİSİ ALANI (SINAVLI)",Anadolu Meslek Programı,İngilizce,"228,452","71,83"
"İstanbul / Bahçelievler / Siyavuşpaşa Mesleki Ve Teknik Anadolu Lisesi / YİYECEK İÇECEK HİZMETLERİ
ALANI (SINAVLI)",Anadolu Meslek Programı,İngilizce,"228,427","71,85"
"İstanbul / Silivri / Selimpaşa Anadolu İmam Hatip Lisesi / FEN
VE SOSYAL BİLİMLER PROGRAMI",Anadolu İmam Hatip Lisesi,İngilizce,"227,691","72,31"
"İstanbul / Eyüpsultan / Eyüpsultan Hacı Osman Torun Anadolu İmam Hatip Lisesi / FEN VE SOSYAL
BİLİMLER PROGRAMI",Anadolu İmam Hatip Lisesi,İngilizce,"226,709","72,93"
"İstanbul / Zeytinburnu / İstanbul Ticaret Odası Mesleki Ve Teknik Anadolu Lisesi / GRAFİK VE
FOTOĞRAF ALANI (SINAVLI)",Anadolu Meslek Programı,İngilizce,"226,478","73,08"
"İstanbul / Kartal / Yakacık Mesleki Ve Teknik Anadolu Lisesi / MAKİNE VE TASARIM
TEKNOLOJİSİ ALANI",Anadolu Teknik Programı,İngilizce,"226,098","73,32"
"İstanbul / Kağıthane / Gültepe Şehit Cihan Erat Mesleki Ve Teknik Anadolu Lisesi / ELEKTRİK-
ELEKTRONİK TEKNOLOJİSİ ALANI",Anadolu Teknik Programı,İngilizce,"225,986","73,39"
"İstanbul / Esenler / İstanbul Ticaret Odası 15 Temmuz Şehitleri Anadolu İmam Hatip Lisesi / FEN VE
SOSYAL BİLİMLER PROGRAMI",Anadolu İmam Hatip Lisesi,İngilizce,"225,965","73,4"
İstanbul / Arnavutköy / Arnavutköy Mesleki Ve Teknik Anadolu Lisesi / METAL TEKNOLOJİSİ ALANI,Anadolu Teknik Programı,İngilizce,"225,93","73,43"
"İstanbul / Fatih / Cağaloğlu
Hüsamettin Yivlik Geleneksel Türk Sanatları Mesleki Ve Teknik Anadolu Lisesi / MODA TASARIM TEKNOLOJİLERİ (SINAVLI)",Anadolu Meslek Programı,İngilizce,"225,751","73,54"
"İstanbul / Beşiktaş / M. Ali Büyükhanlı Mesleki Ve Teknik
Anadolu Lisesi / MUHASEBE VE FİNANSMAN ALANI",Anadolu Teknik Programı,İngilizce,"225,306","73,82"
"İstanbul / Ümraniye / Ümraniye Atatürk Mesleki Ve Teknik Anadolu Lisesi / MOBİLYA VE İÇ MEKÂN
TASARIMI ALANI",Anadolu Teknik Programı,İngilizce,"224,867","74,1"
"İstanbul / Bahçelievler / Kocasinan Şehit Samet Kırbaş Mesleki Ve Teknik Anadolu Lisesi / KİMYA
TEKNOLOJİSİ ALANI (SINAVLI)",Anadolu Meslek Programı,İngilizce,"224,227","74,5"
"İstanbul / Küçükçekmece / Nahit Menteşe Mesleki Ve Teknik Anadolu Lisesi / METAL
TEKNOLOJİSİ ALANI (SINAVLI)",Anadolu Meslek Programı,İngilizce,"223,749","74,81"
"İstanbul / Üsküdar / Bağlarbaşı Pazarlama Ve Perakende Mesleki Ve Teknik Anadolu Lisesi /
PAZARLAMA VE PERAKENDE ALANI",Anadolu Teknik Programı,İngilizce,"222,385","75,67"
İstanbul / Pendik / Pendik İto Mesleki Ve Teknik Anadolu Lisesi / MUHASEBE VE FİNANSMAN ALANI (SINAVLI),Anadolu Meslek Programı,İngilizce,"220,501","76,86"
"İstanbul / Beylikdüzü / Beylikdüzü Şehit Şafak Evran Meslekî Ve Teknik Anadolu Lisesi / KONAKLAMA VE SEYAHAT
HİZMETLERİ ALANI (SINAVLI)",Anadolu Meslek Programı,İngilizce,"220,197","77,05"
"İstanbul / Zeytinburnu / Zeytinburnu
M. İhsan Mermerci Mesleki Ve Teknik Anadolu Lisesi / YİYECEK",Anadolu Meslek Programı,İngilizce,"220,177","77,06"
İÇECEK HİZMETLERİ ALANI (SINAVLI),,,,
"İstanbul / Beyoğlu / Galata Mesleki Ve Teknik Anadolu Lisesi / ELEKTRİK-ELEKTRONİK
TEKNOLOJİSİ ALANI (SINAVLI)",Anadolu Meslek Programı,İngilizce,"219,99","77,18"
"İstanbul / Tuzla / İtosb Mesleki Ve Teknik Anadolu Lisesi / ENDÜSTRİYEL OTOMASYON TEKNOLOJİLERİ ALANI
(SINAVLI)",Anadolu Meslek Programı,İngilizce,"219,78","77,32"
"İstanbul / Büyükçekmece / Doç. Dr. Burhan Bahriyeli Mesleki Ve Teknik Anadolu Lisesi / MODA TASARIM
TEKNOLOJİLERİ (SINAVLI)",Anadolu Meslek Programı,İngilizce,"219,448","77,53"
"İstanbul / Kağıthane / Kağıthane İto Mesleki Ve Teknik Anadolu Lisesi /
ULAŞTIRMA HİZMETLERİ ALANI",Anadolu Teknik Programı,İngilizce,"219,25","77,65"
"İstanbul / Esenyurt / İhsan
Nakipoğlu Anadolu İmam Hatip Lisesi / FEN VE SOSYAL
BİLİMLER PROGRAMI",Anadolu İmam Hatip Lisesi,İngilizce,"219,1","77,75"
"İstanbul / Bahçelievler / Siyavuşpaşa Mesleki Ve Teknik Anadolu Lisesi / MODA TASARIM
TEKNOLOJİLERİ (SINAVLI)",Anadolu Meslek Programı,İngilizce,"217,799","78,57"
İstanbul / Üsküdar / Üsküdar Dış Ticaret Mesleki Ve Teknik Anadolu Lisesi / BÜRO YÖNETİMİ VE YÖNETİCİ ASİSTANLIĞI ALANI (SINAVLI),Anadolu Meslek Programı,İngilizce,"217,589","78,7"
"İstanbul / Esenyurt / Fikriye-Nüzhet Bilgincan Mesleki Ve Teknik
Anadolu Lisesi / GIDA TEKNOLOJİSİ ALANI (SINAVLI)",Anadolu Meslek Programı,İngilizce,"217,401","78,82"
İstanbul / Esenler / Esenler Mesleki Ve Teknik Anadolu Lisesi / TEKSTİL TEKNOLOJİSİ ALANI (SINAVLI),Anadolu Meslek Programı,İngilizce,"216,561","79,35"
"İstanbul / Kağıthane / Kağıthane Mesleki Ve Teknik Anadolu Lisesi / MUHASEBE VE FİNANSMAN
ALANI",Anadolu Teknik Programı,İngilizce,"216,163","79,6"
"İstanbul / Esenyurt / Aydoğan Öztiryaki Tim Sander Dış Ticaret
Mesleki Ve Teknik Anadolu Lisesi / ENDÜSTRİYEL OTOMASYON
TEKNOLOJİLERİ ALANI (SINAVLI)",Anadolu Teknik Programı,İngilizce,"215,543","79,98"
"İstanbul / Büyükçekmece / Rosvita- Timur İmrağ Mesleki Ve Teknik Anadolu Lisesi / ELEKTRİK-
ELEKTRONİK TEKNOLOJİSİ ALANI",Anadolu Teknik Programı,İngilizce,"215,517",80
"İstanbul / Üsküdar / Üsküdar Borsa İstanbul Mesleki Ve Teknik Anadolu Lisesi / YİYECEK İÇECEK
HİZMETLERİ ALANI (SINAVLI)",Anadolu Meslek Programı,İngilizce,"215,093","80,26"
"İstanbul / Gaziosmanpaşa / Gaziosmanpaşa Anadolu İmam
Hatip Lisesi / FEN VE SOSYAL BİLİMLER PROGRAMI",Anadolu İmam Hatip Lisesi,İngilizce,"213,481","81,26"
İstanbul / Bahçelievler / İhkib Yenibosna Mesleki Ve Teknik Anadolu Lisesi / MODA TASARIM TEKNOLOJİLERİ (SINAVLI),Anadolu Meslek Programı,İngilizce,"213,406","81,3"
"İstanbul / Büyükçekmece / Rosvita- Timur İmrağ Mesleki Ve Teknik Anadolu Lisesi / ENDÜSTRİYEL OTOMASYON TEKNOLOJİLERİ
ALANI",Anadolu Teknik Programı,İngilizce,"212,088","82,12"
"İstanbul / Beykoz / Şehit Ömer Halisdemir Mesleki Ve Teknik Anadolu Lisesi / MOTORLU
ARAÇLAR TEKNOLOJİSİ ALANI",Anadolu Teknik Programı,İngilizce,"211,135","82,7"
"İstanbul / Küçükçekmece / Pagev Plastik Teknolojisi Mesleki Ve Teknik Anadolu Lisesi / MAKİNE VE TASARIM TEKNOLOJİSİ
ALANI",Anadolu Teknik Programı,İngilizce,"209,548","83,69"
"İstanbul / Esenyurt / Aydoğan Öztiryaki Tim Sander Dış Ticaret
Mesleki Ve Teknik Anadolu Lisesi /
MAKİNE VE TASARIM TEKNOLOJİSİ ALANI (SINAVLI)",Anadolu Meslek Programı,İngilizce,"207,684","84,84"
İstanbul / Küçükçekmece / Dr.Oktay Duran Mesleki Ve Teknik Anadolu Lisesi / MATBAA TEKNOLOJİSİ ALANI,Anadolu Teknik Programı,İngilizce,"207,621","84,88"
İstanbul / Ümraniye / Türkçimento Mesleki Ve Teknik Anadolu Lisesi / İNŞAAT TEKNOLOJİSİ ALANI,Anadolu Teknik Programı,İngilizce,"207,588","84,9"
"İstanbul / Sultangazi / Mehmet Yaşar Kandemir Anadolu İmam Hatip Lisesi / FEN VE SOSYAL
BİLİMLER PROGRAMI",Anadolu İmam Hatip Lisesi,İngilizce,"207,482","84,96"
"İstanbul / Esenyurt / Kıraç Borsa İstanbul Mesleki Ve Teknik Anadolu Lisesi / TESİSAT TEKNOLOJİSİ
VE İKLİMLENDİRME ALANI",Anadolu Teknik Programı,İngilizce,"207,447","84,98"
"İstanbul / Çatalca / Şehit Özcan
Çiftçi Çok Programlı Anadolu Lisesi
/ HAYVAN YETİŞTİRİCİLİĞİ VE SAĞLIĞI",Anadolu Teknik Programı,İngilizce,"205,98","85,89"
"İstanbul / Kağıthane / Gültepe Şehit Cihan Erat Mesleki Ve Teknik
Anadolu Lisesi / MAKİNE VE TASARIM TEKNOLOJİSİ ALANI",Anadolu Teknik Programı,İngilizce,"205,522","86,17"
"İstanbul / Şişli / Süleyman Şah Kız Anadolu İmam Hatip Lisesi / FEN VE SOSYAL BİLİMLER
PROGRAMI",Anadolu İmam Hatip Lisesi,İngilizce,"205,08","86,45"
"İstanbul / Kağıthane / İhkib Kağıthane Mesleki Ve Teknik
Anadolu Lisesi / MODA TASARIM TEKNOLOJİLERİ (SINAVLI)",Anadolu Meslek Programı,İngilizce,"205,038","86,47"
"İstanbul / Beşiktaş / Ortaköy Zübeyde Hanım Mesleki Ve Teknik
Anadolu Lisesi / GRAFİK VE FOTOĞRAF ALANI (SINAVLI)",Anadolu Meslek Programı,İngilizce,"204,266","86,95"
"İstanbul / Ümraniye / Ümraniye Atatürk Mesleki Ve Teknik Anadolu
Lisesi / METAL TEKNOLOJİSİ ALANI (SINAVLI)",Anadolu Meslek Programı,İngilizce,"204,194","86,99"
"İstanbul / Esenyurt / Aydoğan Öztiryaki Tim Sander Dış Ticaret
Mesleki Ve Teknik Anadolu Lisesi / MUHASEBE VE FİNANSMAN ALANI (SINAVLI)",Anadolu Meslek Programı,İngilizce,"204,133","87,03"
İstanbul / Maltepe / Maltepe Mesleki Ve Teknik Anadolu Lisesi / EL SANATLARI TEKNOLOJİSİ ALANI (SINAVLI),Anadolu Meslek Programı,İngilizce,"202,456","88,07"
"İstanbul / Silivri / Selimpaşa Borsa İstanbul Mesleki Ve Teknik Anadolu Lisesi / KONAKLAMA VE
SEYAHAT HİZMETLERİ ALANI (SINAVLI)",Anadolu Meslek Programı,İngilizce,"202,004","88,35"
"İstanbul / Şişli / Yunus Emre Anadolu İmam Hatip Lisesi / FEN
VE SOSYAL BİLİMLER PROGRAMI",Anadolu İmam Hatip Lisesi,İngilizce,"201,573","88,61"
"İstanbul / Beşiktaş / Ortaköy Zübeyde Hanım Mesleki Ve Teknik
Anadolu Lisesi / ÇOCUK GELİŞİMİ VE EĞİTİMİ ALANI
(SINAVLI)",Anadolu Meslek Programı,İngilizce,"201,482","88,67"
"İstanbul / Beykoz / Boğaziçi Mesleki Ve Teknik Anadolu Lisesi /
BİLİŞİM TEKNOLOJİLERİ ALANI (SINAVLI)",Anadolu Meslek Programı,İngilizce,"199,706","89,77"
İstanbul / Ümraniye / Türkçimento Mesleki Ve Teknik Anadolu Lisesi / KİMYA TEKNOLOJİSİ ALANI,Anadolu Teknik Programı,İngilizce,"199,287","90,02"
"İstanbul / Fatih / Kadırga Mesleki Ve Teknik Anadolu Lisesi / KİMYA
TEKNOLOJİSİ ALANI",Anadolu Teknik Programı,İngilizce,"199,129","90,12"
"İstanbul / Beylikdüzü / Gürpınar İsmail Lütfi Çakan Anadolu İmam Hatip Lisesi / FEN VE SOSYAL
BİLİMLER PROGRAMI",Anadolu İmam Hatip Lisesi,İngilizce,"198,648","90,5"
İstanbul / Çatalca / Çatalca Şehit Halil İbrahim Gürel Anadolu İmam,Anadolu İmam Hatip Lisesi,İngilizce,"198,075","90,96"
Hatip Lisesi / FEN VE SOSYAL BİLİMLER PROGRAMI,,,,
"İstanbul / Beylikdüzü / Beylikdüzü Borsa İstanbul Çok Programlı Anadolu Lisesi / MATBAA
TEKNOLOJİSİ ALANI (SINAVLI)",Anadolu Meslek Programı,İngilizce,"196,015","92,32"
"İstanbul / Kağıthane / Gültepe Şehit Cihan Erat Mesleki Ve Teknik Anadolu Lisesi / MİKROMEKANİK
ALANI",Anadolu Teknik Programı,İngilizce,"192,944","93,44"
İstanbul / Tuzla / Yunus Emre Anadolu İmam Hatip Lisesi / FEN VE SOSYAL BİLİMLER PROGRAMI,Anadolu İmam Hatip Lisesi,İngilizce,"192,113","93,75"
"İstanbul / Kağıthane / Gültepe Şehit Cihan Erat Mesleki Ve Teknik Anadolu Lisesi / ENDÜSTRİYEL OTOMASYON TEKNOLOJİLERİ
ALANI",Anadolu Teknik Programı,İngilizce,"191,71","93,89"
"İstanbul / Zeytinburnu / Zeytinburnu Merkezefendi Anadolu İmam Hatip Lisesi / FEN VE SOSYAL
BİLİMLER PROGRAMI",Hazırlık Sınıfı Bulunan Anadolu İmam Hatip Lisesi,Farsça,"191,443","93,99"
"İstanbul / Eyüpsultan / Kemerburgaz Halis Kutmangil Mesleki Ve Teknik Anadolu Lisesi / MUHASEBE VE
FİNANSMAN ALANI (SINAVLI)",Anadolu Meslek Programı,İngilizce,"191,057","94,13"
İstanbul / Zeytinburnu / Zeytinburnu Trisad Tekstil Teknolojisi Mesleki Ve Teknik Anadolu Lisesi / TEKSTİL TEKNOLOJİSİ ALANI,Anadolu Teknik Programı,İngilizce,"189,983","94,52"
"İstanbul / Beşiktaş / Ortaköy Zübeyde Hanım Mesleki Ve Teknik Anadolu Lisesi / MODA TASARIM
TEKNOLOJİLERİ (SINAVLI)",Anadolu Meslek Programı,İngilizce,"189,459","94,71"
İstanbul / Şişli / Nişantaşı Rüştü Uzel Mesleki Ve Teknik Anadolu Lisesi / KİMYA TEKNOLOJİSİ ALANI,Anadolu Teknik Programı,İngilizce,"189,417","94,73"
"İstanbul / Şişli / Nişantaşı Rüştü Uzel Mesleki Ve Teknik Anadolu Lisesi / TEKSTİL TEKNOLOJİSİ
ALANI (SINAVLI)",Anadolu Meslek Programı,İngilizce,"188,911","94,92"
"İstanbul / Beşiktaş / Ortaköy Zübeyde Hanım Mesleki Ve Teknik
Anadolu Lisesi / YİYECEK İÇECEK HİZMETLERİ ALANI (SINAVLI)",Anadolu Meslek Programı,İngilizce,"188,159","95,19"
"İstanbul / Eyüpsultan / Kemerburgaz Halis Kutmangil Mesleki Ve Teknik
Anadolu Lisesi / TARIM ALANI",Anadolu Teknik Programı,İngilizce,"187,295","95,47"
"İstanbul / Beykoz / Beykoz Anadolu İmam Hatip Lisesi / FEN VE
SOSYAL BİLİMLER PROGRAMI",Anadolu İmam Hatip Lisesi,İngilizce,"187,102","95,51"
"İstanbul / Beşiktaş / Ortaköy Zübeyde Hanım Mesleki Ve Teknik
Anadolu Lisesi / RADYO- TELEVİZYON ALANI (SINAVLI)",Anadolu Meslek Programı,İngilizce,"186,993","95,53"
"İstanbul / Çatalca / Şehit Özcan
Çiftçi Çok Programlı Anadolu Lisesi
/ TARIM ALANI",Anadolu Teknik Programı,İngilizce,"186,971","95,53"
"İstanbul / Üsküdar / Şeyh Şamil Mesleki Ve Teknik Anadolu Lisesi /
KİMYA TEKNOLOJİSİ ALANI (SINAVLI)",Anadolu Meslek Programı,İngilizce,"185,735","95,77"
İstanbul / Silivri / Şerife Baldöktü Mesleki Ve Teknik Anadolu Lisesi / TARIM ALANI,Anadolu Teknik Programı,İngilizce,"185,001","95,91"
"İstanbul / Büyükçekmece / Doç. Dr. Burhan Bahriyeli Mesleki Ve Teknik Anadolu Lisesi / ULAŞTIRMA
HİZMETLERİ ALANI (SINAVLI)",Anadolu Meslek Programı,İngilizce,"184,299","96,04"
"İstanbul / Küçükçekmece / Küçükçekmece Tasev Ayakkabı Ve
Saraciye Teknolojisi Mesleki Ve Teknik Anadolu Lisesi / AYAKKABI VE SARACİYE
TEKNOLOJİSİ ALANI (SINAVLI)",Anadolu Meslek Programı,İngilizce,"182,591","96,37"
"İstanbul / Ataşehir / Nuri
Cıngıllıoğlu Mesleki Ve Teknik Anadolu Lisesi / KİMYA TEKNOLOJİSİ ALANI (SINAVLI)",Anadolu Meslek Programı,İngilizce,"181,484","96,58"
"İstanbul / Zeytinburnu / İstanbul Ticaret Odası Mesleki Ve Teknik Anadolu Lisesi / MATBAA
TEKNOLOJİSİ ALANI (SINAVLI)",Anadolu Meslek Programı,İngilizce,"180,798","96,71"
"İstanbul / Kartal / Şehit Öğretmen Hüseyin Ağırman Mesleki Ve
Teknik Anadolu Lisesi / METAL TEKNOLOJİSİ ALANI",Anadolu Teknik Programı,İngilizce,"180,587","96,75"
İstanbul / Maltepe / Mediha Engizer Meslekî Ve Teknik Anadolu Lisesi / TEKSTİL TEKNOLOJİSİ ALANI (SINAVLI),Anadolu Meslek Programı,İngilizce,"179,484","96,96"
"İstanbul / Şile / Şile Borsa İstanbul Mesleki Ve Teknik Anadolu Lisesi /
TARIM ALANI",Anadolu Teknik Programı,İngilizce,"178,696","97,11"
"İstanbul / Beyoğlu / İstanbul Ticaret Odası Mesleki Ve Teknik Anadolu
Lisesi / MODA TASARIM TEKNOLOJİLERİ (SINAVLI)",Anadolu Meslek Programı,İngilizce,"178,159","97,21"
"İstanbul / Küçükçekmece / Ayhan Arı Borsa İstanbul Meslekî Ve Teknik Anadolu Lisesi / TARIM
ALANI",Anadolu Teknik Programı,İngilizce,"177,983","97,25"
"İstanbul / Büyükçekmece / Rosvita- Timur İmrağ Mesleki Ve Teknik Anadolu Lisesi / MAKİNE VE
TASARIM TEKNOLOJİSİ ALANI",Anadolu Teknik Programı,İngilizce,"177,161","97,4"
"İstanbul / Şile / Şile Anadolu İmam Hatip Lisesi / FEN VE SOSYAL
BİLİMLER PROGRAMI",Anadolu İmam Hatip Lisesi,İngilizce,"176,887","97,46"
"İstanbul / Zeytinburnu / Şehit Büyükelçi Galip Balkar Mesleki Ve
Teknik Anadolu Lisesi / MODA
TASARIM TEKNOLOJİLERİ (SINAVLI)",Anadolu Meslek Programı,İngilizce,"176,76","97,48"
"İstanbul / Fatih / Cağaloğlu
Hüsamettin Yivlik Geleneksel Türk Sanatları Mesleki Ve Teknik Anadolu Lisesi / GELENEKSEL
TÜRK SANATLARI (SINAVLI)",Anadolu Meslek Programı,İngilizce,"175,51","97,72"
"İstanbul / Silivri / Selimpaşa Borsa İstanbul Mesleki Ve Teknik Anadolu Lisesi / YİYECEK İÇECEK
HİZMETLERİ ALANI (SINAVLI)",Anadolu Meslek Programı,İngilizce,"173,91","98,02"
"İstanbul / Çatalca / Şehit Özcan
Çiftçi Çok Programlı Anadolu Lisesi
/ LABORATUVAR HİZMETLERİ ALANI",Anadolu Teknik Programı,İngilizce,"173,216","98,16"
"İstanbul / Üsküdar / Mithatpaşa Mesleki Ve Teknik Anadolu Lisesi / GRAFİK VE FOTOĞRAF ALANI
(SINAVLI)",Anadolu Meslek Programı,İngilizce,"172,143","98,36"
İstanbul / Esenyurt / Alkop Mesleki Ve Teknik Anadolu Lisesi / METAL TEKNOLOJİSİ ALANI (SINAVLI),Anadolu Meslek Programı,İngilizce,"169,731","98,82"
"İstanbul / Büyükçekmece / Büyükçekmece Mesleki Ve Teknik Anadolu Lisesi / METAL
TEKNOLOJİSİ ALANI (SINAVLI)",Anadolu Meslek Programı,İngilizce,"168,547","99,05"
"İstanbul / Kadıköy / Ahmet Sani Gezici Çok Programlı Anadolu
Lisesi / GRAFİK VE FOTOĞRAF ALANI (SINAVLI)",Anadolu Meslek Programı,İngilizce,"167,887","99,17"
"İstanbul / Büyükçekmece / Büyükçekmece Hayriye Duruk Mesleki Ve Teknik Anadolu Lisesi / YİYECEK İÇECEK HİZMETLERİ
ALANI (SINAVLI)",Anadolu Meslek Programı,İngilizce,"167,107","99,32"
"İstanbul / Kağıthane / İhkib Kağıthane Mesleki Ve Teknik
Anadolu Lisesi / TEKSTİL TEKNOLOJİSİ ALANI (SINAVLI)",Anadolu Meslek Programı,İngilizce,"166,779","99,39"
"İstanbul / Büyükçekmece / Doç. Dr. Burhan Bahriyeli Mesleki Ve Teknik Anadolu Lisesi / TEKSTİL
TEKNOLOJİSİ ALANI (SINAVLI)",Anadolu Meslek Programı,İngilizce,"166,509","99,44"
İstanbul / Küçükçekmece / Pagev Plastik Teknolojisi Mesleki Ve Teknik Anadolu Lisesi / PLASTİK TEKNOLOJİSİ ALANI,Anadolu Teknik Programı,İngilizce,"166,312","99,47"
İstanbul / Ataşehir / Ataşehir İbrahim Müteferrika Mesleki Ve,Anadolu Teknik Programı,İngilizce,"165,723",100
Teknik Anadolu Lisesi / MATBAA TEKNOLOJİSİ ALANI,,,,
"İstanbul / Zeytinburnu / Zeytinburnu Trisad Tekstil Teknolojisi Mesleki Ve Teknik Anadolu Lisesi / MODA
TASARIM TEKNOLOJİLERİ",Anadolu Teknik Programı,İngilizce,"165,465",100
"İstanbul / Büyükçekmece / Büyükçekmece Hayriye Duruk Mesleki Ve Teknik Anadolu Lisesi / GIDA TEKNOLOJİSİ ALANI
(SINAVLI)",Anadolu Meslek Programı,İngilizce,"164,249",100
"İstanbul / Kartal / Kartal Şehit Burak Cantürk Mesleki Ve Teknik Anadolu Lisesi / PAZARLAMA VE
PERAKENDE ALANI (SINAVLI)",Anadolu Meslek Programı,İngilizce,"162,101",100
"İstanbul / Büyükçekmece / Nedim Erkan Anadolu İmam Hatip Lisesi /
FEN VE SOSYAL BİLİMLER PROGRAMI",Anadolu İmam Hatip Lisesi,İngilizce,"160,038",100
İstanbul / Beyoğlu / Kabatas Mesleki Ve Teknik Anadolu Lisesi / PAZARLAMA VE PERAKENDE ALANI (SINAVLI),Anadolu Meslek Programı,İngilizce,"156,273",100
"İstanbul / Zeytinburnu / Şehit Büyükelçi Galip Balkar Mesleki Ve Teknik Anadolu Lisesi / TEKSTİL
TEKNOLOJİSİ ALANI",Anadolu Teknik Programı,İngilizce,"156,063",100
İstanbul / Güngören / Cemil Meriç Mesleki Ve Teknik Anadolu Lisesi / MODA TASARIM TEKNOLOJİLERİ (SINAVLI),Anadolu Meslek Programı,İngilizce,"152,428",100
